FILE,PAGE,CLASS-1,CLASS-2,CLASS-3,CLASS-4,CLASS-5,SCORE-1,SCORE-2,SCORE-3,SCORE-4,SCORE-5
CTX192601320,1,TEXT_HW,LINE_HW,TEXT_T,TEXT,DRAW,0.999,0.0,0.0,0.0,0.0
CTX192901243,1,LINE_HW,TEXT,LINE_P,DRAW,DRAW_L,0.999,0.001,0.0,0.0,0.0
CTX192901243,2,TEXT_HW,TEXT,TEXT_T,LINE_HW,DRAW,1.0,0.0,0.0,0.0,0.0
CTX192901243,3,TEXT_T,PHOTO,TEXT_P,DRAW_L,PHOTO_L,1.0,0.0,0.0,0.0,0.0
CTX192901243,4,DRAW,TEXT_T,DRAW_L,TEXT,TEXT_P,0.992,0.004,0.001,0.001,0.001
CTX193000229,1,LINE_HW,LINE_T,DRAW,TEXT_HW,LINE_P,1.0,0.0,0.0,0.0,0.0
CTX193000229,2,TEXT_HW,TEXT_T,TEXT,DRAW,LINE_HW,0.984,0.014,0.001,0.0,0.0
CTX193000229,3,TEXT_HW,TEXT,DRAW,TEXT_T,PHOTO,1.0,0.0,0.0,0.0,0.0
CTX193102237,1,TEXT_T,LINE_T,PHOTO,DRAW,TEXT_P,1.0,0.0,0.0,0.0,0.0
CTX193102237,2,TEXT,TEXT_T,DRAW,TEXT_HW,LINE_HW,0.999,0.0,0.0,0.0,0.0
CTX193102237,3,LINE_T,PHOTO_L,DRAW,PHOTO,TEXT_T,1.0,0.0,0.0,0.0,0.0
CTX193102237,4,LINE_T,LINE_HW,PHOTO_L,DRAW,PHOTO,1.0,0.0,0.0,0.0,0.0
CTX193102237,5,LINE_T,PHOTO_L,PHOTO,LINE_HW,LINE_P,1.0,0.0,0.0,0.0,0.0
CTX193102237,6,LINE_T,PHOTO_L,PHOTO,LINE_HW,DRAW,1.0,0.0,0.0,0.0,0.0
CTX193102237,7,LINE_T,PHOTO,PHOTO_L,LINE_HW,DRAW,1.0,0.0,0.0,0.0,0.0
CTX193102237,8,LINE_T,PHOTO,PHOTO_L,LINE_P,DRAW,1.0,0.0,0.0,0.0,0.0
CTX193102237,9,LINE_T,PHOTO_L,DRAW,PHOTO,LINE_HW,1.0,0.0,0.0,0.0,0.0
CTX194003463,1,PHOTO,TEXT,PHOTO_L,DRAW,DRAW_L,0.987,0.009,0.004,0.0,0.0
CTX194004617,1,TEXT,PHOTO,DRAW,DRAW_L,PHOTO_L,1.0,0.0,0.0,0.0,0.0
CTX194103705,1,TEXT_HW,TEXT,PHOTO,DRAW,LINE_T,1.0,0.0,0.0,0.0,0.0
CTX194103705,2,DRAW,TEXT,LINE_T,DRAW_L,LINE_HW,1.0,0.0,0.0,0.0,0.0
CTX194103705,3,DRAW,DRAW_L,TEXT,LINE_T,TEXT_T,1.0,0.0,0.0,0.0,0.0
CTX194300428,1,TEXT,PHOTO,DRAW,LINE_HW,LINE_P,1.0,0.0,0.0,0.0,0.0
CTX194401342,1,TEXT,TEXT_T,TEXT_P,PHOTO,DRAW,1.0,0.0,0.0,0.0,0.0
CTX194501522,1,DRAW_L,TEXT,TEXT_P,PHOTO_L,PHOTO,1.0,0.0,0.0,0.0,0.0
CTX194600790,1,LINE_T,DRAW_L,TEXT,PHOTO_L,LINE_P,1.0,0.0,0.0,0.0,0.0
CTX194604301,10,PHOTO,DRAW_L,PHOTO_L,TEXT_T,TEXT,1.0,0.0,0.0,0.0,0.0
CTX194604301,11,PHOTO,PHOTO_L,TEXT_T,DRAW_L,DRAW,1.0,0.0,0.0,0.0,0.0
CTX194604301,12,PHOTO,PHOTO_L,DRAW_L,DRAW,LINE_T,1.0,0.0,0.0,0.0,0.0
CTX194604301,13,PHOTO,PHOTO_L,DRAW,DRAW_L,LINE_T,1.0,0.0,0.0,0.0,0.0
CTX194604301,14,PHOTO,DRAW_L,TEXT_T,DRAW,PHOTO_L,1.0,0.0,0.0,0.0,0.0
CTX194604301,15,PHOTO,DRAW,PHOTO_L,TEXT_T,DRAW_L,1.0,0.0,0.0,0.0,0.0
CTX194604301,16,PHOTO,PHOTO_L,TEXT_HW,DRAW_L,LINE_T,1.0,0.0,0.0,0.0,0.0
CTX194604301,17,PHOTO,LINE_T,PHOTO_L,DRAW_L,TEXT_T,1.0,0.0,0.0,0.0,0.0
CTX194604301,18,PHOTO,LINE_T,DRAW_L,TEXT,PHOTO_L,1.0,0.0,0.0,0.0,0.0
CTX194604301,19,PHOTO,PHOTO_L,DRAW,TEXT,TEXT_HW,1.0,0.0,0.0,0.0,0.0
CTX194604301,20,PHOTO,PHOTO_L,TEXT_HW,DRAW,DRAW_L,1.0,0.0,0.0,0.0,0.0
CTX194604301,21,PHOTO,PHOTO_L,DRAW_L,LINE_T,TEXT,1.0,0.0,0.0,0.0,0.0
CTX194604301,22,PHOTO,PHOTO_L,LINE_T,DRAW_L,TEXT,1.0,0.0,0.0,0.0,0.0
CTX194604301,23,PHOTO,DRAW_L,LINE_T,TEXT_T,TEXT,1.0,0.0,0.0,0.0,0.0
CTX194604301,24,PHOTO,TEXT,DRAW_L,PHOTO_L,TEXT_HW,1.0,0.0,0.0,0.0,0.0
CTX194604301,25,DRAW,PHOTO,DRAW_L,TEXT,LINE_P,0.989,0.011,0.0,0.0,0.0
CTX194604301,26,DRAW_L,LINE_T,PHOTO_L,LINE_P,TEXT_T,0.999,0.0,0.0,0.0,0.0
CTX194604301,27,DRAW,DRAW_L,LINE_T,PHOTO_L,TEXT,1.0,0.0,0.0,0.0,0.0
CTX194604301,28,DRAW_L,LINE_T,LINE_P,TEXT_T,PHOTO_L,1.0,0.0,0.0,0.0,0.0
CTX194604301,29,LINE_T,PHOTO,PHOTO_L,TEXT_HW,DRAW,1.0,0.0,0.0,0.0,0.0
CTX194604301,30,DRAW_L,PHOTO_L,TEXT_T,PHOTO,LINE_T,1.0,0.0,0.0,0.0,0.0
CTX194604301,31,LINE_T,PHOTO,PHOTO_L,TEXT_T,DRAW,1.0,0.0,0.0,0.0,0.0
CTX194604301,32,DRAW,PHOTO,DRAW_L,TEXT,PHOTO_L,0.997,0.002,0.0,0.0,0.0
CTX194604301,33,DRAW_L,PHOTO_L,PHOTO,LINE_T,TEXT_T,0.998,0.001,0.0,0.0,0.0
CTX194604301,34,LINE_T,PHOTO,PHOTO_L,TEXT_HW,DRAW_L,1.0,0.0,0.0,0.0,0.0
CTX194604301,35,DRAW_L,TEXT_T,PHOTO,LINE_T,LINE_P,1.0,0.0,0.0,0.0,0.0
CTX194604301,36,LINE_T,PHOTO,PHOTO_L,TEXT_T,DRAW,1.0,0.0,0.0,0.0,0.0
CTX194604301,37,DRAW_L,LINE_P,DRAW,LINE_T,PHOTO,1.0,0.0,0.0,0.0,0.0
CTX194604301,38,LINE_T,PHOTO,PHOTO_L,TEXT_HW,DRAW,1.0,0.0,0.0,0.0,0.0
CTX194604301,39,DRAW_L,PHOTO,PHOTO_L,LINE_P,TEXT_T,1.0,0.0,0.0,0.0,0.0
CTX194604301,40,LINE_T,PHOTO,PHOTO_L,DRAW_L,TEXT_T,1.0,0.0,0.0,0.0,0.0
CTX194604301,41,DRAW_L,PHOTO_L,DRAW,TEXT_T,LINE_T,1.0,0.0,0.0,0.0,0.0
CTX194604301,42,LINE_T,PHOTO_L,PHOTO,TEXT_T,DRAW,1.0,0.0,0.0,0.0,0.0
CTX194604301,43,DRAW_L,PHOTO_L,LINE_T,TEXT_T,DRAW,1.0,0.0,0.0,0.0,0.0
CTX194604301,44,LINE_T,PHOTO,PHOTO_L,TEXT_T,TEXT_HW,1.0,0.0,0.0,0.0,0.0
CTX194604301,45,DRAW_L,LINE_T,TEXT_T,LINE_P,PHOTO,1.0,0.0,0.0,0.0,0.0
CTX194604301,46,LINE_T,TEXT_T,PHOTO_L,PHOTO,DRAW,1.0,0.0,0.0,0.0,0.0
CTX194604301,47,DRAW_L,PHOTO,TEXT_T,PHOTO_L,LINE_T,1.0,0.0,0.0,0.0,0.0
CTX194604301,48,LINE_T,PHOTO,TEXT_T,PHOTO_L,TEXT_HW,1.0,0.0,0.0,0.0,0.0
CTX194604301,49,DRAW_L,TEXT_T,LINE_T,LINE_P,PHOTO,1.0,0.0,0.0,0.0,0.0
CTX194604301,50,LINE_T,PHOTO,TEXT_T,PHOTO_L,TEXT_HW,1.0,0.0,0.0,0.0,0.0
CTX194604301,51,DRAW_L,DRAW,PHOTO,LINE_P,TEXT_P,1.0,0.0,0.0,0.0,0.0
CTX194604301,52,LINE_T,PHOTO,TEXT_T,PHOTO_L,TEXT_HW,1.0,0.0,0.0,0.0,0.0
CTX194604301,53,DRAW_L,PHOTO,TEXT_T,DRAW,LINE_T,1.0,0.0,0.0,0.0,0.0
CTX194604301,54,LINE_T,PHOTO,TEXT_T,PHOTO_L,LINE_P,1.0,0.0,0.0,0.0,0.0
CTX194604301,55,DRAW_L,PHOTO_L,TEXT_T,PHOTO,LINE_T,1.0,0.0,0.0,0.0,0.0
CTX194604301,56,LINE_T,PHOTO,TEXT_T,DRAW,TEXT_HW,1.0,0.0,0.0,0.0,0.0
CTX194604301,57,DRAW_L,PHOTO_L,PHOTO,TEXT_T,LINE_HW,1.0,0.0,0.0,0.0,0.0
CTX194604301,58,LINE_T,TEXT_T,PHOTO,TEXT_HW,DRAW,1.0,0.0,0.0,0.0,0.0
CTX194604301,59,DRAW_L,LINE_T,LINE_HW,TEXT_T,PHOTO,1.0,0.0,0.0,0.0,0.0
CTX194604301,60,LINE_T,TEXT_T,PHOTO,PHOTO_L,TEXT_HW,1.0,0.0,0.0,0.0,0.0
CTX195105285,1,DRAW_L,PHOTO_L,DRAW,PHOTO,LINE_P,1.0,0.0,0.0,0.0,0.0
CTX195105285,2,LINE_T,TEXT_HW,PHOTO,TEXT_P,DRAW,1.0,0.0,0.0,0.0,0.0
CTX195204980,1,LINE_T,LINE_HW,DRAW_L,TEXT_HW,TEXT,0.987,0.006,0.005,0.001,0.001
CTX195600870,10,TEXT_T,TEXT_P,DRAW,PHOTO,DRAW_L,1.0,0.0,0.0,0.0,0.0
CTX195600870,11,TEXT_T,TEXT_P,TEXT,DRAW,DRAW_L,1.0,0.0,0.0,0.0,0.0
CTX195600870,12,TEXT_T,TEXT_P,TEXT,DRAW,DRAW_L,0.999,0.001,0.0,0.0,0.0
CTX195600870,13,TEXT_T,TEXT_P,TEXT,DRAW,TEXT_HW,0.998,0.001,0.0,0.0,0.0
CTX195600870,14,PHOTO,DRAW,DRAW_L,TEXT,PHOTO_L,0.996,0.004,0.0,0.0,0.0
CTX195600870,15,DRAW,PHOTO,TEXT,DRAW_L,TEXT_P,0.974,0.014,0.01,0.001,0.001
CTX195802521,1,LINE_T,PHOTO_L,TEXT_T,DRAW_L,TEXT,1.0,0.0,0.0,0.0,0.0
CTX197003412,1,TEXT_T,TEXT_P,TEXT,DRAW,LINE_P,0.886,0.059,0.052,0.002,0.001
CTX197003412,2,TEXT,TEXT_T,LINE_T,TEXT_P,DRAW,0.988,0.009,0.001,0.001,0.001
CTX197402976,1,LINE_T,PHOTO_L,TEXT_T,TEXT_HW,TEXT,1.0,0.0,0.0,0.0,0.0
CTX197802841,1,DRAW,DRAW_L,TEXT,TEXT_T,TEXT_P,1.0,0.0,0.0,0.0,0.0
CTX197904722,1,TEXT,TEXT_T,DRAW,LINE_T,TEXT_P,1.0,0.0,0.0,0.0,0.0
CTX197904722,2,TEXT_T,TEXT_P,TEXT,DRAW_L,PHOTO,1.0,0.0,0.0,0.0,0.0
CTX197904722,3,TEXT,TEXT_T,TEXT_P,LINE_T,DRAW,0.999,0.0,0.0,0.0,0.0
CTX198402735,1,TEXT_T,TEXT,TEXT_P,TEXT_HW,DRAW,0.999,0.001,0.0,0.0,0.0
CTX198402735,2,TEXT_T,PHOTO,DRAW_L,DRAW,PHOTO_L,1.0,0.0,0.0,0.0,0.0
CTX198402735,3,TEXT_T,DRAW_L,TEXT_P,PHOTO,PHOTO_L,1.0,0.0,0.0,0.0,0.0
CTX198402735,4,TEXT_T,TEXT,DRAW,TEXT_HW,TEXT_P,1.0,0.0,0.0,0.0,0.0
CTX198602752,1,TEXT,TEXT_T,TEXT_P,TEXT_HW,DRAW,0.968,0.021,0.008,0.003,0.0
CTX198602991_BPP1,1,TEXT,TEXT_P,DRAW,TEXT_T,PHOTO_L,0.983,0.015,0.001,0.0,0.0
CTX198701686,1,TEXT,TEXT_T,DRAW,TEXT_HW,LINE_T,1.0,0.0,0.0,0.0,0.0
CTX198702238A,10,PHOTO,PHOTO_L,LINE_T,TEXT_HW,TEXT,1.0,0.0,0.0,0.0,0.0
CTX198702238A,11,PHOTO,LINE_T,PHOTO_L,TEXT_HW,LINE_HW,1.0,0.0,0.0,0.0,0.0
CTX198702238A,12,PHOTO,PHOTO_L,LINE_T,TEXT_HW,TEXT_T,1.0,0.0,0.0,0.0,0.0
CTX198702238A,13,PHOTO,LINE_T,PHOTO_L,DRAW_L,TEXT_T,1.0,0.0,0.0,0.0,0.0
CTX198702238A,14,PHOTO,LINE_T,PHOTO_L,TEXT_HW,TEXT_T,1.0,0.0,0.0,0.0,0.0
CTX198702238A,15,PHOTO,PHOTO_L,LINE_T,DRAW_L,TEXT_T,1.0,0.0,0.0,0.0,0.0
CTX198702238A,16,PHOTO,PHOTO_L,TEXT_T,DRAW_L,LINE_T,1.0,0.0,0.0,0.0,0.0
CTX198702238A,17,PHOTO,PHOTO_L,LINE_T,TEXT_HW,TEXT_T,1.0,0.0,0.0,0.0,0.0
CTX198702238A,18,PHOTO,PHOTO_L,DRAW_L,LINE_T,TEXT,1.0,0.0,0.0,0.0,0.0
CTX198702238A,19,PHOTO,LINE_T,PHOTO_L,TEXT_HW,TEXT,1.0,0.0,0.0,0.0,0.0
CTX198702238A,20,PHOTO,DRAW_L,LINE_T,PHOTO_L,TEXT_HW,1.0,0.0,0.0,0.0,0.0
CTX198702238A,21,PHOTO,PHOTO_L,LINE_T,DRAW_L,LINE_HW,1.0,0.0,0.0,0.0,0.0
CTX198702238A,22,DRAW,DRAW_L,TEXT_T,LINE_T,TEXT,1.0,0.0,0.0,0.0,0.0
CTX198702238A,23,DRAW_L,DRAW,LINE_T,TEXT,LINE_HW,0.995,0.003,0.001,0.001,0.0
CTX198702238A,24,DRAW,DRAW_L,TEXT,LINE_T,TEXT_HW,0.999,0.001,0.0,0.0,0.0
CTX198702238A,25,TEXT,LINE_T,DRAW_L,DRAW,TEXT_HW,0.998,0.001,0.001,0.0,0.0
CTX198804439,1,LINE_T,TEXT,DRAW_L,TEXT_T,PHOTO_L,1.0,0.0,0.0,0.0,0.0
CTX198804439,2,TEXT_T,TEXT_P,DRAW_L,PHOTO,PHOTO_L,1.0,0.0,0.0,0.0,0.0
CTX198804439,3,TEXT_T,TEXT_P,TEXT,LINE_T,LINE_P,1.0,0.0,0.0,0.0,0.0
CTX199004318,1,TEXT,DRAW,TEXT_P,LINE_P,LINE_HW,1.0,0.0,0.0,0.0,0.0
CTX199400067,1,LINE_T,DRAW_L,PHOTO_L,DRAW,TEXT,1.0,0.0,0.0,0.0,0.0
CTX199400067,2,LINE_T,LINE_P,TEXT_P,PHOTO,PHOTO_L,1.0,0.0,0.0,0.0,0.0
CTX199400067A,10,TEXT_T,DRAW,PHOTO_L,DRAW_L,LINE_HW,1.0,0.0,0.0,0.0,0.0
CTX199400067A,11,TEXT_T,DRAW,PHOTO_L,DRAW_L,LINE_HW,1.0,0.0,0.0,0.0,0.0
CTX199400067A,12,TEXT_T,PHOTO_L,DRAW,LINE_HW,DRAW_L,1.0,0.0,0.0,0.0,0.0
CTX199400067A,13,TEXT_T,DRAW,LINE_T,PHOTO_L,LINE_P,1.0,0.0,0.0,0.0,0.0
CTX199400067A,14,TEXT_T,DRAW,PHOTO_L,DRAW_L,LINE_HW,1.0,0.0,0.0,0.0,0.0
CTX199400067A,15,TEXT_T,DRAW,PHOTO_L,LINE_T,LINE_P,1.0,0.0,0.0,0.0,0.0
CTX199400067A,16,TEXT_T,LINE_T,PHOTO,PHOTO_L,DRAW,1.0,0.0,0.0,0.0,0.0
CTX199400067A,17,DRAW,LINE_T,TEXT_T,DRAW_L,TEXT,0.999,0.001,0.0,0.0,0.0
CTX199400067A,18,TEXT_T,LINE_T,TEXT_P,TEXT,LINE_P,1.0,0.0,0.0,0.0,0.0
CTX199400067A,19,TEXT_T,LINE_T,LINE_P,TEXT_P,DRAW,1.0,0.0,0.0,0.0,0.0
CTX199400067A,20,TEXT_T,TEXT,LINE_T,PHOTO_L,DRAW_L,1.0,0.0,0.0,0.0,0.0
CTX199400067A,21,TEXT_T,TEXT_P,DRAW,LINE_P,PHOTO,1.0,0.0,0.0,0.0,0.0
CTX199400067A,22,TEXT_T,LINE_T,DRAW,LINE_P,PHOTO_L,1.0,0.0,0.0,0.0,0.0
CTX199400067A,23,TEXT_T,DRAW,DRAW_L,PHOTO_L,LINE_P,1.0,0.0,0.0,0.0,0.0
CTX199400067A,24,TEXT_T,LINE_T,TEXT_P,DRAW,LINE_P,1.0,0.0,0.0,0.0,0.0
CTX199400067A,25,TEXT_T,TEXT_P,PHOTO,DRAW,LINE_T,1.0,0.0,0.0,0.0,0.0
CTX199400067A,26,TEXT_T,TEXT_P,LINE_T,DRAW,LINE_P,1.0,0.0,0.0,0.0,0.0
CTX199400067A,27,TEXT_T,LINE_T,DRAW,PHOTO_L,TEXT_P,1.0,0.0,0.0,0.0,0.0
CTX199400067A,28,TEXT_T,TEXT_P,DRAW,PHOTO,LINE_T,1.0,0.0,0.0,0.0,0.0
CTX199400067A,29,TEXT_T,TEXT_P,LINE_T,LINE_P,DRAW,1.0,0.0,0.0,0.0,0.0
CTX199400067A,30,DRAW,DRAW_L,LINE_T,TEXT,TEXT_T,0.996,0.003,0.0,0.0,0.0
CTX199400067A,31,DRAW,TEXT_T,TEXT,LINE_T,TEXT_P,0.598,0.396,0.003,0.002,0.001
CTX199400067A,32,TEXT_T,DRAW,LINE_T,PHOTO_L,LINE_P,1.0,0.0,0.0,0.0,0.0
CTX199400067A,33,DRAW,DRAW_L,TEXT_T,LINE_T,TEXT,1.0,0.0,0.0,0.0,0.0
CTX199400067A,34,DRAW,TEXT_T,LINE_T,TEXT,DRAW_L,0.73,0.238,0.027,0.004,0.001
CTX199400067A,35,DRAW,TEXT,TEXT_T,DRAW_L,LINE_T,0.999,0.0,0.0,0.0,0.0
CTX199400067A,36,TEXT_T,LINE_T,TEXT_P,TEXT,PHOTO_L,1.0,0.0,0.0,0.0,0.0
CTX199400067A,37,DRAW,LINE_T,TEXT_T,TEXT_P,DRAW_L,0.971,0.02,0.008,0.001,0.001
CTX199400067A,38,TEXT_T,PHOTO_L,DRAW,PHOTO,LINE_T,1.0,0.0,0.0,0.0,0.0
CTX199400067A,39,TEXT_T,DRAW,LINE_T,LINE_P,DRAW_L,1.0,0.0,0.0,0.0,0.0
CTX199400067A,40,TEXT_T,DRAW,TEXT,DRAW_L,LINE_T,1.0,0.0,0.0,0.0,0.0
CTX199400067A,41,TEXT_T,PHOTO,DRAW,DRAW_L,PHOTO_L,1.0,0.0,0.0,0.0,0.0
CTX199400067A,42,TEXT_T,DRAW,LINE_T,LINE_P,PHOTO,1.0,0.0,0.0,0.0,0.0
CTX199400067A,43,TEXT_T,LINE_T,DRAW,PHOTO,PHOTO_L,1.0,0.0,0.0,0.0,0.0
CTX199400067A,44,TEXT_T,DRAW,LINE_T,PHOTO_L,TEXT,1.0,0.0,0.0,0.0,0.0
CTX199400067A,45,TEXT_T,TEXT_P,DRAW,PHOTO,LINE_T,1.0,0.0,0.0,0.0,0.0
CTX199400067A,46,TEXT_T,LINE_T,TEXT_P,DRAW,LINE_P,1.0,0.0,0.0,0.0,0.0
CTX199400067A,47,TEXT_T,LINE_T,DRAW,LINE_P,TEXT_P,1.0,0.0,0.0,0.0,0.0
CTX199400067A,48,TEXT_T,TEXT,LINE_P,LINE_T,DRAW_L,1.0,0.0,0.0,0.0,0.0
CTX199400067A,49,LINE_T,TEXT_T,PHOTO_L,LINE_P,TEXT_P,1.0,0.0,0.0,0.0,0.0
CTX199400067A,50,TEXT_T,DRAW_L,PHOTO_L,PHOTO,DRAW,1.0,0.0,0.0,0.0,0.0
CTX199400067A,51,TEXT_T,TEXT_P,TEXT,PHOTO,PHOTO_L,1.0,0.0,0.0,0.0,0.0
CTX199400067A,52,TEXT_T,TEXT_P,DRAW_L,TEXT,PHOTO_L,1.0,0.0,0.0,0.0,0.0
CTX199400067A,53,TEXT_T,LINE_T,TEXT_P,PHOTO,DRAW,1.0,0.0,0.0,0.0,0.0
CTX199400067A,54,TEXT_T,DRAW,PHOTO_L,PHOTO,LINE_P,1.0,0.0,0.0,0.0,0.0
CTX199400067A,55,TEXT_T,TEXT_P,PHOTO,DRAW_L,PHOTO_L,1.0,0.0,0.0,0.0,0.0
CTX199400067A,56,TEXT_T,PHOTO_L,TEXT,DRAW,PHOTO,1.0,0.0,0.0,0.0,0.0
CTX199400067A,57,TEXT_T,TEXT_P,LINE_T,TEXT,DRAW_L,1.0,0.0,0.0,0.0,0.0
CTX199400067A,58,TEXT_T,DRAW,LINE_T,TEXT_P,LINE_P,1.0,0.0,0.0,0.0,0.0
CTX199400067A,59,TEXT_T,DRAW,LINE_T,TEXT_P,TEXT,0.999,0.0,0.0,0.0,0.0
CTX199400067A,60,LINE_T,LINE_P,PHOTO_L,PHOTO,DRAW_L,1.0,0.0,0.0,0.0,0.0
CTX199400067A,61,LINE_T,LINE_P,PHOTO_L,DRAW_L,PHOTO,1.0,0.0,0.0,0.0,0.0
CTX199400067A,62,LINE_T,PHOTO_L,LINE_P,DRAW_L,PHOTO,1.0,0.0,0.0,0.0,0.0
CTX199400067A,63,TEXT_T,DRAW,LINE_HW,PHOTO_L,PHOTO,1.0,0.0,0.0,0.0,0.0
CTX199400067A,64,TEXT_T,DRAW,PHOTO_L,PHOTO,DRAW_L,1.0,0.0,0.0,0.0,0.0
CTX199400067A,65,TEXT_T,PHOTO_L,DRAW,DRAW_L,LINE_HW,1.0,0.0,0.0,0.0,0.0
CTX199400067A,66,LINE_T,LINE_P,DRAW_L,DRAW,TEXT,1.0,0.0,0.0,0.0,0.0
CTX199400067A,67,LINE_T,LINE_P,DRAW_L,DRAW,TEXT_HW,1.0,0.0,0.0,0.0,0.0
CTX199400067A,68,LINE_T,DRAW_L,LINE_P,LINE_HW,DRAW,1.0,0.0,0.0,0.0,0.0
CTX199400067A,69,LINE_T,TEXT_T,DRAW_L,DRAW,LINE_P,1.0,0.0,0.0,0.0,0.0
CTX199400067B,10,LINE_T,LINE_P,DRAW_L,DRAW,PHOTO_L,1.0,0.0,0.0,0.0,0.0
CTX199400067B,11,LINE_T,LINE_P,DRAW,DRAW_L,PHOTO_L,1.0,0.0,0.0,0.0,0.0
CTX199400067B,12,LINE_T,DRAW,DRAW_L,LINE_P,PHOTO_L,1.0,0.0,0.0,0.0,0.0
CTX199400067B,13,LINE_T,DRAW_L,LINE_P,DRAW,TEXT,1.0,0.0,0.0,0.0,0.0
CTX199400067B,14,LINE_T,DRAW,DRAW_L,LINE_P,PHOTO_L,1.0,0.0,0.0,0.0,0.0
CTX199400067B,15,LINE_T,DRAW,DRAW_L,LINE_P,PHOTO_L,1.0,0.0,0.0,0.0,0.0
CTX199400067B,16,LINE_T,DRAW_L,DRAW,PHOTO_L,TEXT_T,1.0,0.0,0.0,0.0,0.0
CTX199400067B,17,LINE_T,DRAW,DRAW_L,LINE_P,PHOTO_L,1.0,0.0,0.0,0.0,0.0
CTX199400067B,18,LINE_T,DRAW_L,LINE_P,TEXT_T,DRAW,1.0,0.0,0.0,0.0,0.0
CTX199400067B,19,LINE_T,LINE_P,DRAW_L,DRAW,PHOTO_L,1.0,0.0,0.0,0.0,0.0
CTX199400067B,20,LINE_T,LINE_P,DRAW_L,DRAW,PHOTO_L,1.0,0.0,0.0,0.0,0.0
CTX199400067B,21,LINE_T,DRAW,DRAW_L,PHOTO_L,LINE_P,1.0,0.0,0.0,0.0,0.0
CTX199400067B,22,LINE_T,TEXT_T,DRAW_L,TEXT,TEXT_HW,1.0,0.0,0.0,0.0,0.0
CTX199400067B,23,TEXT_T,PHOTO_L,PHOTO,DRAW_L,DRAW,1.0,0.0,0.0,0.0,0.0
CTX199400067B,24,LINE_T,TEXT_T,DRAW,LINE_P,DRAW_L,1.0,0.0,0.0,0.0,0.0
CTX199400067B,26,LINE_T,TEXT_T,LINE_P,DRAW,PHOTO_L,1.0,0.0,0.0,0.0,0.0
CTX199400067B,27,LINE_T,LINE_P,DRAW,DRAW_L,PHOTO_L,1.0,0.0,0.0,0.0,0.0
CTX199400067B,28,TEXT_T,PHOTO,PHOTO_L,LINE_T,LINE_HW,1.0,0.0,0.0,0.0,0.0
CTX199400067B,29,TEXT_T,PHOTO,LINE_T,PHOTO_L,TEXT,1.0,0.0,0.0,0.0,0.0
CTX199400067B,30,TEXT_T,PHOTO,PHOTO_L,DRAW_L,DRAW,1.0,0.0,0.0,0.0,0.0
CTX199400067B,31,TEXT_T,PHOTO,TEXT_P,DRAW_L,PHOTO_L,1.0,0.0,0.0,0.0,0.0
CTX199400067B,32,TEXT_T,PHOTO,TEXT_P,PHOTO_L,DRAW_L,1.0,0.0,0.0,0.0,0.0
CTX199400067B,33,TEXT_T,PHOTO,DRAW_L,TEXT_P,PHOTO_L,1.0,0.0,0.0,0.0,0.0
CTX199400067B,34,TEXT_T,PHOTO,PHOTO_L,DRAW_L,LINE_T,1.0,0.0,0.0,0.0,0.0
CTX199400067B,35,TEXT_T,PHOTO,PHOTO_L,TEXT_P,DRAW_L,1.0,0.0,0.0,0.0,0.0
CTX199400067B,36,TEXT_T,PHOTO,TEXT_P,TEXT,DRAW_L,1.0,0.0,0.0,0.0,0.0
CTX199400067B,37,LINE_T,LINE_P,DRAW,PHOTO,PHOTO_L,1.0,0.0,0.0,0.0,0.0
CTX199400067B,38,TEXT_T,PHOTO_L,PHOTO,DRAW_L,DRAW,1.0,0.0,0.0,0.0,0.0
CTX199400067B,39,TEXT_T,PHOTO,PHOTO_L,TEXT,DRAW_L,1.0,0.0,0.0,0.0,0.0
CTX199400067B,40,TEXT_T,LINE_T,TEXT_P,LINE_HW,PHOTO_L,1.0,0.0,0.0,0.0,0.0
CTX199400067B,41,TEXT_T,PHOTO,PHOTO_L,TEXT_P,LINE_T,1.0,0.0,0.0,0.0,0.0
CTX199400067B,42,TEXT_T,PHOTO_L,PHOTO,DRAW_L,TEXT,1.0,0.0,0.0,0.0,0.0
CTX199400067B,43,TEXT_T,LINE_T,LINE_P,PHOTO_L,PHOTO,1.0,0.0,0.0,0.0,0.0
CTX199400067B,44,TEXT_T,TEXT_P,LINE_P,LINE_T,DRAW,1.0,0.0,0.0,0.0,0.0
CTX199400067B,45,DRAW,DRAW_L,LINE_T,TEXT,LINE_P,0.922,0.077,0.001,0.001,0.0
CTX199400067B,46,DRAW,DRAW_L,TEXT,LINE_T,TEXT_T,0.999,0.001,0.0,0.0,0.0
CTX199400067B,47,DRAW,DRAW_L,TEXT,LINE_T,TEXT_T,1.0,0.0,0.0,0.0,0.0
CTX199400067B,48,DRAW,DRAW_L,LINE_T,TEXT,LINE_HW,1.0,0.0,0.0,0.0,0.0
CTX199400067C,10,PHOTO,LINE_T,DRAW_L,PHOTO_L,TEXT_T,1.0,0.0,0.0,0.0,0.0
CTX199400067C,11,PHOTO,LINE_T,TEXT_T,DRAW_L,TEXT,1.0,0.0,0.0,0.0,0.0
CTX199400067C,12,PHOTO,LINE_T,TEXT,PHOTO_L,DRAW_L,1.0,0.0,0.0,0.0,0.0
CTX199400067C,13,PHOTO,LINE_T,DRAW_L,TEXT_HW,TEXT_T,1.0,0.0,0.0,0.0,0.0
CTX199400067C,14,PHOTO,LINE_T,DRAW_L,LINE_P,TEXT,1.0,0.0,0.0,0.0,0.0
CTX199400067C,15,PHOTO,LINE_T,TEXT_T,DRAW_L,LINE_P,1.0,0.0,0.0,0.0,0.0
CTX199400067C,16,PHOTO,LINE_T,DRAW_L,TEXT_T,LINE_P,1.0,0.0,0.0,0.0,0.0
CTX199400067C,17,PHOTO,LINE_T,DRAW_L,PHOTO_L,TEXT_T,1.0,0.0,0.0,0.0,0.0
CTX199400067C,18,PHOTO,LINE_T,DRAW_L,PHOTO_L,TEXT_T,1.0,0.0,0.0,0.0,0.0
CTX199400067C,19,PHOTO,LINE_T,PHOTO_L,TEXT_T,TEXT,1.0,0.0,0.0,0.0,0.0
CTX199400067C,20,PHOTO,DRAW_L,LINE_T,TEXT_T,LINE_HW,1.0,0.0,0.0,0.0,0.0
CTX199400067C,21,PHOTO,LINE_T,DRAW_L,LINE_P,TEXT_T,1.0,0.0,0.0,0.0,0.0
CTX199400067C,22,PHOTO,LINE_T,DRAW_L,PHOTO_L,TEXT_T,1.0,0.0,0.0,0.0,0.0
CTX199400067C,23,PHOTO,LINE_T,TEXT_T,PHOTO_L,DRAW_L,1.0,0.0,0.0,0.0,0.0
CTX199400067C,24,PHOTO,LINE_T,TEXT_T,DRAW_L,TEXT_HW,1.0,0.0,0.0,0.0,0.0
CTX199400067C,25,PHOTO,LINE_T,TEXT_T,PHOTO_L,DRAW_L,1.0,0.0,0.0,0.0,0.0
CTX199400067C,26,PHOTO,LINE_T,TEXT_T,PHOTO_L,TEXT_HW,1.0,0.0,0.0,0.0,0.0
CTX199400067C,27,PHOTO,LINE_T,PHOTO_L,TEXT_T,TEXT_HW,1.0,0.0,0.0,0.0,0.0
CTX199400067D,10,DRAW,DRAW_L,TEXT_T,LINE_P,TEXT,1.0,0.0,0.0,0.0,0.0
CTX199400067D,11,DRAW,DRAW_L,TEXT_T,TEXT_P,LINE_T,1.0,0.0,0.0,0.0,0.0
CTX199400067D,12,DRAW,DRAW_L,TEXT,PHOTO_L,LINE_P,1.0,0.0,0.0,0.0,0.0
CTX199400067D,13,PHOTO,DRAW,PHOTO_L,TEXT,TEXT_P,0.999,0.001,0.0,0.0,0.0
CTX199400067D,14,PHOTO,DRAW,PHOTO_L,DRAW_L,TEXT,0.98,0.019,0.0,0.0,0.0
CTX199400067D,15,DRAW,PHOTO,PHOTO_L,DRAW_L,TEXT_P,0.989,0.01,0.001,0.001,0.0
CTX199400067D,16,PHOTO,DRAW,PHOTO_L,TEXT,TEXT_P,0.978,0.018,0.003,0.0,0.0
CTX199400067D,17,PHOTO,DRAW,PHOTO_L,LINE_T,TEXT_P,0.526,0.472,0.001,0.001,0.0
CTX199400067D,18,PHOTO,DRAW,PHOTO_L,DRAW_L,TEXT,0.995,0.004,0.0,0.0,0.0
CTX199400067D,19,DRAW,PHOTO,PHOTO_L,DRAW_L,TEXT_P,0.953,0.044,0.001,0.001,0.0
CTX199400067D,20,PHOTO,DRAW,PHOTO_L,DRAW_L,TEXT,0.924,0.074,0.001,0.001,0.0
CTX199400067D,21,PHOTO,DRAW,PHOTO_L,DRAW_L,LINE_T,0.987,0.011,0.002,0.0,0.0
CTX199400067D,22,PHOTO,DRAW,PHOTO_L,DRAW_L,TEXT,0.999,0.0,0.0,0.0,0.0
CTX199400067D,23,PHOTO,DRAW,PHOTO_L,TEXT,DRAW_L,1.0,0.0,0.0,0.0,0.0
CTX199400067D,24,PHOTO,DRAW,PHOTO_L,DRAW_L,TEXT_P,0.999,0.001,0.0,0.0,0.0
CTX199400067D,25,PHOTO,DRAW,PHOTO_L,TEXT,DRAW_L,0.993,0.004,0.003,0.0,0.0
CTX199400067D,26,PHOTO,DRAW,PHOTO_L,DRAW_L,TEXT,0.7,0.292,0.005,0.001,0.001
CTX199400067D,27,PHOTO,DRAW,PHOTO_L,DRAW_L,TEXT_P,0.854,0.144,0.001,0.001,0.0
CTX199400067D,28,PHOTO,DRAW,PHOTO_L,DRAW_L,TEXT,0.997,0.001,0.001,0.0,0.0
CTX199400067D,29,PHOTO,DRAW,PHOTO_L,DRAW_L,LINE_T,0.993,0.006,0.0,0.0,0.0
CTX199400067D,30,PHOTO,DRAW,PHOTO_L,TEXT,TEXT_P,0.962,0.037,0.001,0.0,0.0
CTX199400067D,31,DRAW,PHOTO,PHOTO_L,DRAW_L,TEXT,0.981,0.018,0.001,0.0,0.0
CTX199400067D,32,PHOTO,DRAW,PHOTO_L,DRAW_L,TEXT,0.996,0.004,0.0,0.0,0.0
CTX199400067D,33,DRAW,PHOTO,TEXT,PHOTO_L,DRAW_L,0.934,0.063,0.001,0.001,0.001
CTX199400067D,34,DRAW,DRAW_L,LINE_P,TEXT,PHOTO_L,1.0,0.0,0.0,0.0,0.0
CTX199400067D,35,DRAW,DRAW_L,LINE_P,LINE_T,PHOTO_L,1.0,0.0,0.0,0.0,0.0
CTX199400067D,36,DRAW,DRAW_L,LINE_P,PHOTO_L,TEXT,1.0,0.0,0.0,0.0,0.0
CTX199400067D,37,PHOTO,DRAW,PHOTO_L,DRAW_L,TEXT_T,0.982,0.012,0.005,0.001,0.0
CTX199400067D,38,PHOTO,DRAW,TEXT_T,DRAW_L,PHOTO_L,0.571,0.427,0.001,0.001,0.001
CTX199400067D,39,PHOTO,DRAW,TEXT,PHOTO_L,TEXT_P,0.999,0.001,0.0,0.0,0.0
CTX199400067D,40,PHOTO,DRAW,TEXT,DRAW_L,TEXT_P,0.996,0.004,0.0,0.0,0.0
CTX199400067D,41,PHOTO,DRAW,DRAW_L,PHOTO_L,TEXT,0.993,0.006,0.0,0.0,0.0
CTX199400067D,42,PHOTO,DRAW,DRAW_L,TEXT,TEXT_P,0.972,0.027,0.0,0.0,0.0
CTX199400067D,43,PHOTO,DRAW,PHOTO_L,DRAW_L,TEXT,1.0,0.0,0.0,0.0,0.0
CTX199706756,10,TEXT_P,DRAW,LINE_P,TEXT,TEXT_HW,0.992,0.004,0.003,0.001,0.001
CTX199706756,11,TEXT_P,TEXT_T,LINE_P,TEXT_HW,DRAW_L,0.74,0.178,0.056,0.013,0.012
CTX199706756,12,LINE_P,LINE_T,TEXT_P,DRAW,DRAW_L,0.995,0.003,0.002,0.0,0.0
CTX199706756,13,LINE_P,LINE_T,TEXT_P,DRAW,DRAW_L,0.991,0.005,0.003,0.0,0.0
CTX199706756,14,LINE_P,LINE_T,TEXT_P,DRAW_L,DRAW,0.998,0.001,0.001,0.0,0.0
CTX199706756,15,LINE_P,LINE_T,TEXT_P,DRAW_L,DRAW,0.998,0.001,0.001,0.0,0.0
CTX199706756,16,LINE_P,LINE_T,TEXT_P,DRAW,DRAW_L,0.972,0.026,0.002,0.001,0.0
CTX199706756,17,LINE_P,LINE_T,TEXT_P,DRAW,PHOTO_L,0.991,0.008,0.001,0.0,0.0
CTX199706756,18,LINE_P,LINE_T,TEXT_P,DRAW,DRAW_L,0.994,0.004,0.001,0.0,0.0
CTX199706756,19,LINE_P,LINE_T,TEXT_P,DRAW,DRAW_L,0.999,0.001,0.0,0.0,0.0
CTX199706756,20,LINE_P,LINE_T,TEXT_P,DRAW_L,DRAW,0.998,0.002,0.0,0.0,0.0
CTX199706756,21,LINE_P,LINE_T,TEXT_P,DRAW,DRAW_L,0.99,0.007,0.001,0.0,0.0
CTX199706756,22,LINE_P,LINE_T,TEXT_P,DRAW,DRAW_L,0.993,0.005,0.001,0.0,0.0
CTX199706756,23,LINE_P,LINE_T,TEXT_P,DRAW_L,DRAW,0.988,0.01,0.001,0.0,0.0
CTX199706756,24,LINE_P,LINE_T,TEXT_P,DRAW,PHOTO_L,0.991,0.007,0.001,0.001,0.0
CTX199706756,25,LINE_P,LINE_T,TEXT_P,DRAW,DRAW_L,0.982,0.016,0.001,0.0,0.0
CTX199706756,26,LINE_P,LINE_T,TEXT_P,DRAW_L,DRAW,0.996,0.003,0.0,0.0,0.0
CTX199706756,27,LINE_P,LINE_T,TEXT_P,DRAW,DRAW_L,0.998,0.002,0.0,0.0,0.0
CTX199706756,28,LINE_P,LINE_T,TEXT_P,DRAW_L,DRAW,0.956,0.042,0.001,0.001,0.001
CTX199706756,29,LINE_P,LINE_T,TEXT_P,DRAW,DRAW_L,0.995,0.004,0.0,0.0,0.0
CTX199706756,30,LINE_P,LINE_T,TEXT_P,DRAW,PHOTO_L,0.996,0.003,0.0,0.0,0.0
CTX199706756,31,LINE_P,LINE_T,TEXT_P,DRAW_L,DRAW,0.998,0.002,0.0,0.0,0.0
CTX199706756,32,LINE_P,LINE_T,TEXT_P,DRAW,DRAW_L,0.993,0.006,0.001,0.0,0.0
CTX199706756,33,TEXT_P,TEXT_T,LINE_P,TEXT_HW,DRAW_L,0.926,0.057,0.01,0.005,0.002
CTX199706756,34,LINE_P,LINE_T,TEXT_P,DRAW,PHOTO_L,0.998,0.002,0.0,0.0,0.0
CTX199706756,35,LINE_P,LINE_T,TEXT_P,DRAW,DRAW_L,0.999,0.001,0.0,0.0,0.0
CTX199706756,36,LINE_P,LINE_T,TEXT_P,DRAW,PHOTO_L,0.998,0.002,0.0,0.0,0.0
CTX199706756,37,LINE_P,LINE_T,TEXT_P,DRAW,DRAW_L,0.996,0.003,0.0,0.0,0.0
CTX199706756,38,LINE_P,LINE_T,TEXT_P,DRAW,DRAW_L,0.994,0.005,0.001,0.0,0.0
CTX199706756,39,LINE_P,LINE_T,TEXT_P,DRAW,DRAW_L,0.995,0.004,0.001,0.0,0.0
CTX199706756,40,LINE_P,LINE_T,TEXT_P,DRAW_L,DRAW,0.997,0.002,0.0,0.0,0.0
CTX199706756,41,LINE_P,LINE_T,TEXT_P,DRAW_L,PHOTO_L,0.997,0.002,0.0,0.0,0.0
CTX199706756,42,LINE_P,LINE_T,TEXT_P,DRAW_L,DRAW,0.998,0.001,0.001,0.0,0.0
CTX199706756,43,LINE_P,LINE_T,TEXT_P,DRAW,DRAW_L,0.998,0.002,0.0,0.0,0.0
CTX199706756,44,LINE_P,LINE_T,TEXT_P,DRAW,DRAW_L,0.998,0.001,0.0,0.0,0.0
CTX199706756,45,LINE_P,LINE_T,TEXT_P,DRAW,DRAW_L,0.998,0.002,0.0,0.0,0.0
CTX199706756,46,LINE_P,LINE_T,TEXT_P,DRAW_L,DRAW,0.998,0.001,0.001,0.0,0.0
CTX199706756,47,LINE_P,LINE_T,TEXT_P,DRAW,PHOTO_L,0.997,0.002,0.0,0.0,0.0
CTX199706756,48,LINE_P,LINE_T,TEXT_P,DRAW_L,DRAW,0.998,0.001,0.0,0.0,0.0
CTX199706756,49,LINE_P,LINE_T,TEXT_P,DRAW,DRAW_L,0.997,0.002,0.0,0.0,0.0
CTX199706756,50,LINE_P,LINE_T,TEXT_P,DRAW,DRAW_L,0.997,0.002,0.001,0.0,0.0
CTX199706756,51,LINE_P,LINE_T,TEXT_P,DRAW,PHOTO_L,0.991,0.008,0.001,0.0,0.0
CTX199706756,52,LINE_P,LINE_T,TEXT_P,DRAW,DRAW_L,0.996,0.002,0.001,0.0,0.0
CTX199706756,53,LINE_P,LINE_T,TEXT_P,DRAW,DRAW_L,0.996,0.003,0.001,0.0,0.0
CTX199706756,54,LINE_P,LINE_T,TEXT_P,DRAW,DRAW_L,0.995,0.003,0.001,0.001,0.0
CTX199706756,55,LINE_P,LINE_T,TEXT_P,DRAW_L,DRAW,0.999,0.001,0.001,0.0,0.0
CTX199706756,56,LINE_P,LINE_T,TEXT_P,DRAW_L,DRAW,0.996,0.003,0.001,0.0,0.0
CTX199706756,57,LINE_P,LINE_T,TEXT_P,DRAW_L,DRAW,0.999,0.001,0.0,0.0,0.0
CTX199706756,58,LINE_P,TEXT_P,LINE_T,DRAW_L,DRAW,0.998,0.001,0.001,0.0,0.0
CTX199706756,59,LINE_P,LINE_T,TEXT_P,DRAW,DRAW_L,0.999,0.001,0.0,0.0,0.0
CTX199706756,60,LINE_P,LINE_T,TEXT_P,DRAW,DRAW_L,0.998,0.001,0.001,0.0,0.0
CTX199706756,61,LINE_P,TEXT_P,LINE_T,DRAW_L,TEXT_T,0.997,0.002,0.001,0.0,0.0
CTX199706756,62,TEXT_P,TEXT_T,LINE_P,DRAW_L,TEXT_HW,0.725,0.182,0.065,0.015,0.014
CTX199706756,63,LINE_P,LINE_T,DRAW,TEXT_P,DRAW_L,0.999,0.001,0.0,0.0,0.0
CTX199706756,64,LINE_P,DRAW,LINE_T,LINE_HW,DRAW_L,0.998,0.001,0.001,0.0,0.0
CTX199706756,65,LINE_P,LINE_T,DRAW,LINE_HW,DRAW_L,0.997,0.001,0.001,0.0,0.0
CTX199706756,66,LINE_P,DRAW,LINE_T,LINE_HW,TEXT_P,0.997,0.002,0.001,0.0,0.0
CTX199706756,67,LINE_P,DRAW,LINE_T,TEXT_P,DRAW_L,0.999,0.001,0.0,0.0,0.0
CTX199706756,68,LINE_P,LINE_T,DRAW,TEXT_P,DRAW_L,0.998,0.001,0.001,0.0,0.0
CTX199706756,69,LINE_P,DRAW,DRAW_L,LINE_T,TEXT_P,0.999,0.0,0.0,0.0,0.0
CTX199706756,70,TEXT_P,TEXT_T,LINE_P,TEXT_HW,DRAW_L,0.765,0.104,0.089,0.026,0.016
CTX199706756,71,DRAW,LINE_P,DRAW_L,PHOTO,TEXT_P,0.999,0.0,0.0,0.0,0.0
CTX199706756,72,DRAW,DRAW_L,LINE_P,TEXT_P,LINE_T,1.0,0.0,0.0,0.0,0.0
CTX199706756,73,DRAW,LINE_P,DRAW_L,TEXT_P,PHOTO,0.999,0.001,0.0,0.0,0.0
CTX199706756,74,DRAW,LINE_P,PHOTO,DRAW_L,TEXT_P,0.999,0.0,0.0,0.0,0.0
CTX199706756,75,DRAW,DRAW_L,LINE_P,TEXT_P,PHOTO_L,0.999,0.0,0.0,0.0,0.0
CTX199706756,76,DRAW,PHOTO,LINE_P,DRAW_L,PHOTO_L,0.987,0.009,0.003,0.001,0.0
CTX199706756,77,DRAW,LINE_P,DRAW_L,PHOTO,PHOTO_L,0.979,0.014,0.004,0.002,0.001
CTX199706756,78,TEXT_P,TEXT_T,LINE_P,TEXT_HW,DRAW_L,0.822,0.079,0.055,0.029,0.015
CTX199706756,79,DRAW,LINE_P,DRAW_L,TEXT_P,PHOTO_L,0.999,0.0,0.0,0.0,0.0
CTX199706756,80,DRAW,DRAW_L,LINE_P,TEXT,TEXT_P,0.999,0.0,0.0,0.0,0.0
CTX199706756,81,DRAW,DRAW_L,TEXT,LINE_T,LINE_HW,1.0,0.0,0.0,0.0,0.0
CTX199706756,82,DRAW,DRAW_L,LINE_P,TEXT_T,TEXT,0.998,0.001,0.0,0.0,0.0
CTX199706756,83,PHOTO,PHOTO_L,DRAW_L,TEXT_T,LINE_T,1.0,0.0,0.0,0.0,0.0
CTX199706756,84,PHOTO,LINE_T,DRAW_L,TEXT_T,TEXT_HW,1.0,0.0,0.0,0.0,0.0
CTX199706756,85,PHOTO,DRAW_L,TEXT_T,LINE_T,PHOTO_L,1.0,0.0,0.0,0.0,0.0
CTX199706756,86,PHOTO,TEXT_T,LINE_T,DRAW_L,TEXT_HW,1.0,0.0,0.0,0.0,0.0
CTX199706756,87,PHOTO,LINE_T,TEXT_T,TEXT_HW,DRAW_L,1.0,0.0,0.0,0.0,0.0
CTX200404964,1,TEXT_P,TEXT_T,TEXT,LINE_T,DRAW,1.0,0.0,0.0,0.0,0.0
CTX200404964,2,DRAW,DRAW_L,LINE_T,PHOTO_L,LINE_P,0.803,0.19,0.006,0.001,0.001
CTX200502635,10,TEXT_P,TEXT_T,TEXT_HW,LINE_T,DRAW,0.846,0.146,0.005,0.001,0.001
CTX200502635,11,TEXT_P,LINE_T,TEXT_T,TEXT_HW,LINE_P,1.0,0.0,0.0,0.0,0.0
CTX200502635,12,LINE_T,LINE_P,TEXT_P,DRAW_L,DRAW,0.993,0.007,0.0,0.0,0.0
CTX200502635,13,LINE_T,LINE_P,LINE_HW,TEXT_P,PHOTO_L,0.981,0.019,0.0,0.0,0.0
CTX200502635,14,LINE_T,LINE_P,LINE_HW,PHOTO_L,DRAW,0.523,0.471,0.004,0.001,0.001
CTX200502635,15,LINE_P,LINE_T,PHOTO_L,LINE_HW,DRAW,0.999,0.001,0.0,0.0,0.0
CTX200502635,16,DRAW,DRAW_L,LINE_T,LINE_P,PHOTO_L,1.0,0.0,0.0,0.0,0.0
CTX200502635,17,DRAW,DRAW_L,TEXT_T,LINE_T,TEXT,1.0,0.0,0.0,0.0,0.0
CTX200502635,18,DRAW,DRAW_L,LINE_P,TEXT_P,TEXT,1.0,0.0,0.0,0.0,0.0
CTX200502635,19,DRAW,DRAW_L,LINE_P,TEXT_P,TEXT,1.0,0.0,0.0,0.0,0.0
CTX200502635,20,DRAW,DRAW_L,LINE_P,TEXT_P,TEXT_HW,0.999,0.0,0.0,0.0,0.0
CTX200502635,21,LINE_P,LINE_T,LINE_HW,PHOTO_L,DRAW_L,0.995,0.004,0.0,0.0,0.0
CTX200502635,22,DRAW,DRAW_L,LINE_P,TEXT_P,TEXT,1.0,0.0,0.0,0.0,0.0
CTX200508690,1,LINE_T,LINE_P,PHOTO_L,LINE_HW,DRAW_L,0.756,0.231,0.007,0.005,0.001
CTX200605716,1,PHOTO,PHOTO_L,DRAW,TEXT,TEXT_T,1.0,0.0,0.0,0.0,0.0
CTX200605716,2,DRAW,DRAW_L,LINE_T,PHOTO_L,TEXT_T,1.0,0.0,0.0,0.0,0.0
CTX200903109,1,TEXT_P,DRAW,TEXT,LINE_P,LINE_T,0.899,0.055,0.041,0.003,0.002
CTX200903109,2,DRAW,DRAW_L,TEXT_T,LINE_T,TEXT_P,1.0,0.0,0.0,0.0,0.0
CTX200903109,3,PHOTO,PHOTO_L,TEXT_HW,TEXT_T,LINE_T,1.0,0.0,0.0,0.0,0.0
CTX200904273,1,LINE_T,LINE_P,DRAW,LINE_HW,PHOTO_L,0.997,0.003,0.0,0.0,0.0
CTX200904273,2,DRAW,DRAW_L,TEXT_T,LINE_T,LINE_P,1.0,0.0,0.0,0.0,0.0
CTX201203499,1,PHOTO,LINE_P,LINE_T,TEXT,LINE_HW,1.0,0.0,0.0,0.0,0.0
CTX201301452,100,TEXT_P,TEXT_T,LINE_T,TEXT_HW,LINE_HW,0.999,0.001,0.0,0.0,0.0
CTX201301452,101,TEXT_P,TEXT_T,LINE_T,TEXT_HW,DRAW,0.995,0.005,0.0,0.0,0.0
CTX201301452,102,PHOTO,LINE_T,TEXT_HW,TEXT_T,LINE_HW,1.0,0.0,0.0,0.0,0.0
CTX201404755,10,DRAW,DRAW_L,LINE_T,PHOTO,TEXT_HW,0.996,0.003,0.001,0.0,0.0
CTX201404755,11,DRAW,DRAW_L,PHOTO,TEXT,LINE_T,1.0,0.0,0.0,0.0,0.0
CTX201404755,12,DRAW,DRAW_L,PHOTO,LINE_P,PHOTO_L,1.0,0.0,0.0,0.0,0.0
CTX201404755,13,DRAW,DRAW_L,TEXT_T,LINE_P,TEXT_HW,1.0,0.0,0.0,0.0,0.0
CTX201404755,14,PHOTO,PHOTO_L,TEXT_T,TEXT_HW,LINE_HW,1.0,0.0,0.0,0.0,0.0
CTX201404755,15,PHOTO,PHOTO_L,TEXT_T,DRAW,TEXT_HW,1.0,0.0,0.0,0.0,0.0
CTX201404755,16,PHOTO,TEXT_HW,TEXT_T,LINE_T,TEXT,1.0,0.0,0.0,0.0,0.0
CTX201404755,17,PHOTO,DRAW,DRAW_L,LINE_T,PHOTO_L,1.0,0.0,0.0,0.0,0.0
CTX201404755,18,PHOTO,LINE_T,TEXT_HW,TEXT_T,DRAW,1.0,0.0,0.0,0.0,0.0
CTX201405076,100,LINE_P,TEXT_P,TEXT_T,LINE_T,TEXT_HW,0.973,0.024,0.001,0.001,0.001
CTX201405076,101,PHOTO,LINE_T,DRAW_L,PHOTO_L,TEXT_T,1.0,0.0,0.0,0.0,0.0
CTX201405076,102,PHOTO,LINE_T,DRAW_L,DRAW,PHOTO_L,1.0,0.0,0.0,0.0,0.0
CTX201405076,103,PHOTO,LINE_T,PHOTO_L,DRAW_L,TEXT_T,1.0,0.0,0.0,0.0,0.0
CTX201405076,104,PHOTO,PHOTO_L,LINE_T,DRAW_L,TEXT_T,1.0,0.0,0.0,0.0,0.0
CTX201405076,105,PHOTO,LINE_T,DRAW_L,PHOTO_L,TEXT_HW,1.0,0.0,0.0,0.0,0.0
CTX201405076,106,PHOTO,PHOTO_L,LINE_T,DRAW_L,LINE_HW,1.0,0.0,0.0,0.0,0.0
CTX201405076,107,PHOTO,LINE_T,PHOTO_L,TEXT_T,TEXT_HW,1.0,0.0,0.0,0.0,0.0
CTX201405076,108,PHOTO,PHOTO_L,LINE_T,TEXT,TEXT_T,1.0,0.0,0.0,0.0,0.0
CTX201405076,109,PHOTO,LINE_T,TEXT_T,TEXT_HW,PHOTO_L,1.0,0.0,0.0,0.0,0.0
CTX201405076,110,PHOTO,LINE_T,PHOTO_L,TEXT_HW,TEXT_P,1.0,0.0,0.0,0.0,0.0
CTX201405076,111,PHOTO,LINE_T,PHOTO_L,TEXT_T,TEXT_HW,1.0,0.0,0.0,0.0,0.0
CTX201405076,112,PHOTO,LINE_T,PHOTO_L,TEXT_T,TEXT_HW,1.0,0.0,0.0,0.0,0.0
CTX201405076,113,PHOTO,LINE_T,PHOTO_L,TEXT_T,TEXT_HW,1.0,0.0,0.0,0.0,0.0
CTX201405076,114,PHOTO,PHOTO_L,LINE_T,TEXT_T,TEXT,1.0,0.0,0.0,0.0,0.0
CTX201405076,115,PHOTO,PHOTO_L,LINE_T,TEXT_T,TEXT_HW,1.0,0.0,0.0,0.0,0.0
CTX201405076,116,PHOTO,PHOTO_L,LINE_T,TEXT_T,TEXT_HW,1.0,0.0,0.0,0.0,0.0
CTX201405076,117,PHOTO,PHOTO_L,LINE_T,TEXT_HW,DRAW_L,1.0,0.0,0.0,0.0,0.0
CTX201405076,118,PHOTO,LINE_T,PHOTO_L,TEXT_HW,TEXT_T,1.0,0.0,0.0,0.0,0.0
CTX201405076,119,PHOTO,PHOTO_L,LINE_T,TEXT_T,DRAW_L,1.0,0.0,0.0,0.0,0.0
CTX201405076,120,PHOTO,PHOTO_L,LINE_T,TEXT_HW,DRAW_L,1.0,0.0,0.0,0.0,0.0
CTX201405076,121,PHOTO,PHOTO_L,DRAW_L,LINE_T,TEXT_T,1.0,0.0,0.0,0.0,0.0
CTX201405076,122,PHOTO,LINE_T,PHOTO_L,TEXT_T,DRAW_L,1.0,0.0,0.0,0.0,0.0
CTX201405076,123,PHOTO,LINE_T,PHOTO_L,TEXT_HW,TEXT_T,1.0,0.0,0.0,0.0,0.0
CTX201405076,124,PHOTO,LINE_T,PHOTO_L,TEXT_T,DRAW_L,1.0,0.0,0.0,0.0,0.0
CTX201405076,125,PHOTO,PHOTO_L,LINE_T,TEXT_T,DRAW_L,1.0,0.0,0.0,0.0,0.0
CTX201405076,126,PHOTO,LINE_T,PHOTO_L,DRAW_L,TEXT_HW,1.0,0.0,0.0,0.0,0.0
CTX201405076,127,PHOTO,LINE_T,PHOTO_L,DRAW_L,LINE_HW,1.0,0.0,0.0,0.0,0.0
CTX201405076,128,PHOTO,PHOTO_L,DRAW_L,LINE_T,TEXT_HW,1.0,0.0,0.0,0.0,0.0
CTX201405076,129,PHOTO,LINE_T,DRAW_L,PHOTO_L,TEXT_T,1.0,0.0,0.0,0.0,0.0
CTX201405076,130,PHOTO,LINE_T,PHOTO_L,DRAW_L,TEXT_T,1.0,0.0,0.0,0.0,0.0
CTX201405076,131,PHOTO,PHOTO_L,LINE_T,TEXT_T,TEXT_HW,1.0,0.0,0.0,0.0,0.0
CTX201405076,132,PHOTO,DRAW_L,TEXT_HW,LINE_P,PHOTO_L,1.0,0.0,0.0,0.0,0.0
CTX201603571,100,PHOTO,DRAW,DRAW_L,PHOTO_L,LINE_T,0.999,0.001,0.0,0.0,0.0
CTX201603571,101,PHOTO,DRAW,DRAW_L,TEXT,TEXT_T,0.998,0.001,0.0,0.0,0.0
CTX201603571,102,PHOTO,TEXT_T,DRAW_L,TEXT_HW,DRAW,1.0,0.0,0.0,0.0,0.0
CTX201603571,103,PHOTO,DRAW,DRAW_L,TEXT,PHOTO_L,0.62,0.376,0.002,0.002,0.001
CTX201603571,104,PHOTO,TEXT_HW,TEXT,DRAW_L,TEXT_T,1.0,0.0,0.0,0.0,0.0
CTX201603571,105,PHOTO,DRAW_L,PHOTO_L,LINE_T,DRAW,1.0,0.0,0.0,0.0,0.0
CTX201603571,106,PHOTO,DRAW,DRAW_L,TEXT,LINE_T,1.0,0.0,0.0,0.0,0.0
CTX201603571,107,PHOTO,LINE_T,PHOTO_L,TEXT_T,DRAW_L,1.0,0.0,0.0,0.0,0.0
CTX201603571,108,PHOTO,LINE_T,DRAW,DRAW_L,PHOTO_L,1.0,0.0,0.0,0.0,0.0
CTX201603571,109,PHOTO,DRAW,DRAW_L,PHOTO_L,LINE_T,0.999,0.001,0.0,0.0,0.0
CTX201603571,110,PHOTO,PHOTO_L,LINE_T,DRAW_L,DRAW,1.0,0.0,0.0,0.0,0.0
CTX201603571,111,PHOTO,PHOTO_L,LINE_T,DRAW_L,TEXT,1.0,0.0,0.0,0.0,0.0
CTX201603571,112,PHOTO,DRAW,DRAW_L,PHOTO_L,LINE_T,1.0,0.0,0.0,0.0,0.0
CTX201603571,113,PHOTO,PHOTO_L,LINE_T,DRAW,DRAW_L,1.0,0.0,0.0,0.0,0.0
CTX201603571,114,TEXT_P,TEXT,DRAW,LINE_HW,TEXT_T,0.766,0.151,0.079,0.002,0.002
CTX201603571,115,LINE_P,LINE_T,LINE_HW,PHOTO_L,TEXT,0.998,0.001,0.0,0.0,0.0
CTX201603571,116,LINE_P,LINE_T,LINE_HW,PHOTO_L,TEXT_P,0.999,0.001,0.0,0.0,0.0
CTX201603571,117,LINE_P,LINE_T,LINE_HW,PHOTO_L,TEXT_P,0.998,0.001,0.0,0.0,0.0
CTX201603571,118,LINE_P,LINE_T,LINE_HW,PHOTO_L,TEXT_P,0.998,0.002,0.0,0.0,0.0
CTX201603571,119,LINE_P,LINE_T,LINE_HW,PHOTO_L,TEXT_P,0.995,0.005,0.0,0.0,0.0
CTX201603571,120,LINE_P,LINE_T,LINE_HW,PHOTO_L,TEXT_P,0.995,0.004,0.001,0.0,0.0
CTX201603571,121,LINE_P,LINE_T,PHOTO_L,LINE_HW,DRAW_L,0.999,0.001,0.0,0.0,0.0
CTX201603571,122,LINE_P,LINE_HW,PHOTO_L,TEXT_P,TEXT,0.999,0.001,0.0,0.0,0.0
CTX201603571,123,LINE_P,LINE_T,TEXT_P,PHOTO_L,TEXT_T,0.953,0.046,0.0,0.0,0.0
CTX201603571,124,LINE_T,LINE_P,TEXT_P,DRAW_L,PHOTO_L,0.577,0.422,0.001,0.0,0.0
CTX201603571,125,LINE_P,LINE_T,TEXT_P,PHOTO_L,TEXT_T,0.943,0.056,0.001,0.0,0.0
CTX201603571,126,LINE_P,LINE_T,TEXT_P,DRAW_L,PHOTO_L,0.559,0.439,0.001,0.0,0.0
CTX201603571,127,LINE_P,LINE_T,TEXT_P,PHOTO_L,LINE_HW,0.942,0.057,0.001,0.0,0.0
CTX201603571,128,LINE_P,LINE_T,TEXT_P,PHOTO_L,TEXT_T,0.99,0.009,0.0,0.0,0.0
CTX201603571,129,LINE_P,LINE_T,TEXT_P,PHOTO_L,DRAW_L,0.947,0.052,0.0,0.0,0.0
CTX201603571,130,LINE_T,LINE_P,TEXT_P,PHOTO_L,DRAW_L,0.695,0.304,0.001,0.0,0.0
CTX201603571,131,LINE_P,LINE_T,TEXT_P,PHOTO_L,LINE_HW,0.769,0.229,0.001,0.0,0.0
CTX201603571,132,LINE_P,LINE_T,TEXT_P,PHOTO_L,TEXT_T,0.75,0.249,0.001,0.0,0.0
CTX201603571,133,LINE_T,LINE_P,TEXT_P,PHOTO_L,TEXT_T,0.618,0.38,0.001,0.0,0.0
CTX201603571,134,LINE_P,LINE_T,TEXT_P,PHOTO_L,DRAW_L,0.58,0.418,0.001,0.0,0.0
CTX201603571,135,LINE_P,LINE_T,TEXT_P,PHOTO_L,DRAW_L,0.779,0.219,0.001,0.0,0.0
CTX201603571,136,LINE_P,LINE_T,TEXT_P,PHOTO_L,TEXT_T,0.695,0.304,0.0,0.0,0.0
CTX201603571,137,LINE_P,LINE_T,TEXT_P,DRAW_L,TEXT_T,0.908,0.09,0.001,0.0,0.0
CTX201603571,138,LINE_P,LINE_T,LINE_HW,PHOTO_L,PHOTO,0.997,0.002,0.001,0.0,0.0
CTX201603571,139,LINE_P,LINE_T,LINE_HW,PHOTO_L,DRAW,0.995,0.004,0.0,0.0,0.0
CTX201603571,140,LINE_P,LINE_T,DRAW,TEXT_P,DRAW_L,0.954,0.045,0.0,0.0,0.0
CTX201603571,141,LINE_P,LINE_T,TEXT_P,DRAW,DRAW_L,0.782,0.217,0.0,0.0,0.0
CTX201603571,142,LINE_T,LINE_P,LINE_HW,DRAW,TEXT_HW,0.999,0.0,0.0,0.0,0.0
LCTX199400067B,25,LINE_T,TEXT_T,LINE_P,DRAW_L,DRAW,1.0,0.0,0.0,0.0,0.0
LH_MTX202210018a,52,DRAW,DRAW_L,TEXT_T,LINE_P,LINE_T,1.0,0.0,0.0,0.0,0.0
LMTX202300013,13,DRAW,PHOTO,TEXT_P,PHOTO_L,DRAW_L,1.0,0.0,0.0,0.0,0.0
LMTX202420001,1,PHOTO,PHOTO_L,DRAW,TEXT_P,TEXT,0.995,0.002,0.002,0.001,0.0
LMTX202420001,9,PHOTO,DRAW_L,DRAW,PHOTO_L,TEXT_P,1.0,0.0,0.0,0.0,0.0
LP043_00001_059,18,TEXT_HW,TEXT,LINE_HW,LINE_T,TEXT_T,0.872,0.099,0.025,0.002,0.001
MPY202200003,1,DRAW,DRAW_L,LINE_T,TEXT_T,LINE_P,0.999,0.0,0.0,0.0,0.0
MPY202300001,1,DRAW,DRAW_L,TEXT,LINE_P,TEXT_T,1.0,0.0,0.0,0.0,0.0
MTX194500462,1,TEXT,TEXT_P,DRAW,LINE_P,TEXT_T,1.0,0.0,0.0,0.0,0.0
MTX195602489,10,PHOTO,PHOTO_L,TEXT,TEXT_HW,TEXT_T,1.0,0.0,0.0,0.0,0.0
MTX195602489,11,PHOTO,PHOTO_L,DRAW,TEXT,DRAW_L,1.0,0.0,0.0,0.0,0.0
MTX195602489,12,PHOTO,PHOTO_L,TEXT,DRAW_L,LINE_T,1.0,0.0,0.0,0.0,0.0
MTX195602489,13,DRAW,TEXT_T,DRAW_L,TEXT,TEXT_HW,1.0,0.0,0.0,0.0,0.0
MTX195602489,14,DRAW,TEXT_HW,TEXT_T,DRAW_L,TEXT,1.0,0.0,0.0,0.0,0.0
MTX197001050,1,LINE_T,LINE_P,TEXT_T,TEXT_HW,TEXT,1.0,0.0,0.0,0.0,0.0
MTX197001050,2,TEXT_T,TEXT_P,LINE_T,TEXT_HW,LINE_P,0.999,0.001,0.0,0.0,0.0
MTX197001050,3,TEXT_T,TEXT_P,DRAW,DRAW_L,PHOTO,1.0,0.0,0.0,0.0,0.0
MTX197001050,4,TEXT_T,TEXT_P,DRAW_L,DRAW,LINE_P,1.0,0.0,0.0,0.0,0.0
MTX197001050,5,TEXT_T,TEXT_P,DRAW,DRAW_L,LINE_P,1.0,0.0,0.0,0.0,0.0
MTX197001050,6,PHOTO,DRAW,DRAW_L,TEXT_T,LINE_P,0.999,0.001,0.0,0.0,0.0
MTX197001050,7,PHOTO,DRAW_L,PHOTO_L,DRAW,TEXT_T,1.0,0.0,0.0,0.0,0.0
MTX197001050,8,PHOTO,DRAW,PHOTO_L,DRAW_L,TEXT_P,1.0,0.0,0.0,0.0,0.0
MTX197001050,9,PHOTO,DRAW_L,DRAW,TEXT,TEXT_P,1.0,0.0,0.0,0.0,0.0
MTX198701704,1,LINE_T,LINE_P,DRAW,TEXT_T,TEXT,1.0,0.0,0.0,0.0,0.0
MTX198701704,2,TEXT_T,TEXT_P,TEXT,DRAW_L,TEXT_HW,1.0,0.0,0.0,0.0,0.0
MTX198701704,3,TEXT_T,LINE_T,TEXT_P,LINE_P,DRAW_L,0.844,0.106,0.041,0.006,0.002
MTX198701704,4,LINE_T,LINE_P,TEXT_T,DRAW_L,LINE_HW,1.0,0.0,0.0,0.0,0.0
MTX198701704,5,LINE_T,LINE_P,TEXT_T,TEXT_P,PHOTO_L,1.0,0.0,0.0,0.0,0.0
MTX198801805,1,LINE_T,LINE_P,PHOTO_L,DRAW_L,DRAW,1.0,0.0,0.0,0.0,0.0
MTX200200373,1,LINE_HW,LINE_T,LINE_P,TEXT,DRAW_L,0.563,0.411,0.017,0.007,0.002
MTX200200373,2,LINE_T,LINE_HW,LINE_P,TEXT,DRAW,0.802,0.085,0.079,0.026,0.009
MTX200200373,3,LINE_P,LINE_T,LINE_HW,DRAW,TEXT,0.4,0.357,0.233,0.006,0.005
MTX200200373,4,LINE_T,LINE_P,LINE_HW,TEXT_T,TEXT,0.982,0.01,0.003,0.003,0.002
MTX201890001,1,TEXT_HW,TEXT,DRAW,LINE_HW,TEXT_T,0.999,0.001,0.0,0.0,0.0
MTX201890029,1,TEXT_HW,TEXT_T,TEXT,DRAW,PHOTO,0.999,0.001,0.0,0.0,0.0
MTX201890029,2,PHOTO,DRAW,DRAW_L,TEXT_T,TEXT,0.998,0.002,0.0,0.0,0.0
MTX201890031,1,DRAW,DRAW_L,TEXT_T,TEXT,PHOTO_L,0.999,0.001,0.0,0.0,0.0
MTX201890034,1,DRAW_L,LINE_T,LINE_HW,PHOTO_L,PHOTO,1.0,0.0,0.0,0.0,0.0
MTX201890081,1,TEXT_T,TEXT,TEXT_HW,LINE_T,TEXT_P,0.965,0.034,0.0,0.0,0.0
MTX201890161,1,LINE_T,LINE_HW,PHOTO_L,DRAW_L,LINE_P,0.976,0.019,0.004,0.001,0.001
MTX201890345,1,TEXT_T,TEXT,PHOTO,TEXT_P,TEXT_HW,0.993,0.006,0.001,0.0,0.0
MTX201890345,2,DRAW,DRAW_L,TEXT_HW,TEXT_T,LINE_T,1.0,0.0,0.0,0.0,0.0
MTX201890819,1,TEXT,TEXT_T,TEXT_P,LINE_HW,PHOTO_L,1.0,0.0,0.0,0.0,0.0
MTX201890858,1,TEXT,TEXT_T,TEXT_HW,DRAW,PHOTO,0.74,0.254,0.002,0.002,0.001
MTX201891050,1,DRAW,DRAW_L,PHOTO,TEXT,TEXT_T,1.0,0.0,0.0,0.0,0.0
MTX201891173,1,DRAW,TEXT_HW,TEXT,PHOTO,TEXT_T,1.0,0.0,0.0,0.0,0.0
MTX201891173,2,TEXT_T,TEXT_P,TEXT,PHOTO,LINE_T,1.0,0.0,0.0,0.0,0.0
MTX201891173,3,TEXT_T,TEXT_P,TEXT,PHOTO,PHOTO_L,1.0,0.0,0.0,0.0,0.0
MTX201891179,10,PHOTO,TEXT_T,TEXT_HW,DRAW,TEXT,1.0,0.0,0.0,0.0,0.0
MTX201891179,11,PHOTO,DRAW,TEXT_T,DRAW_L,TEXT_HW,0.999,0.0,0.0,0.0,0.0
MTX201891179,12,PHOTO,DRAW,TEXT_T,PHOTO_L,TEXT_HW,0.943,0.053,0.001,0.001,0.001
MTX201891179,13,PHOTO,DRAW,TEXT_HW,TEXT_T,PHOTO_L,1.0,0.0,0.0,0.0,0.0
MTX201891179,14,PHOTO,DRAW,TEXT_HW,TEXT_T,PHOTO_L,1.0,0.0,0.0,0.0,0.0
MTX201891179,15,PHOTO,TEXT_T,TEXT_HW,DRAW,PHOTO_L,1.0,0.0,0.0,0.0,0.0
MTX201891179,16,PHOTO,TEXT_HW,TEXT_T,DRAW,PHOTO_L,1.0,0.0,0.0,0.0,0.0
MTX201891179,17,PHOTO,TEXT_HW,TEXT_T,DRAW,TEXT,1.0,0.0,0.0,0.0,0.0
MTX201891179,18,PHOTO,DRAW,TEXT_HW,TEXT_T,PHOTO_L,1.0,0.0,0.0,0.0,0.0
MTX201891179,19,PHOTO,TEXT_HW,TEXT_T,PHOTO_L,DRAW_L,1.0,0.0,0.0,0.0,0.0
MTX201891179,20,PHOTO,TEXT_T,TEXT_HW,PHOTO_L,DRAW,1.0,0.0,0.0,0.0,0.0
MTX201891179,21,PHOTO,TEXT_HW,DRAW,PHOTO_L,TEXT_T,1.0,0.0,0.0,0.0,0.0
MTX201891179,22,PHOTO,DRAW,TEXT_T,TEXT_HW,PHOTO_L,1.0,0.0,0.0,0.0,0.0
MTX201891179,23,PHOTO,TEXT_T,TEXT_HW,DRAW,DRAW_L,1.0,0.0,0.0,0.0,0.0
MTX201891306,1,TEXT,LINE_HW,TEXT_HW,PHOTO_L,DRAW,0.999,0.0,0.0,0.0,0.0
MTX201891306,2,TEXT_HW,TEXT,DRAW,LINE_HW,TEXT_T,0.991,0.008,0.0,0.0,0.0
MTX201891306,3,DRAW,DRAW_L,TEXT,TEXT_HW,TEXT_T,1.0,0.0,0.0,0.0,0.0
MTX201891389,1,PHOTO,PHOTO_L,TEXT,DRAW,TEXT_HW,1.0,0.0,0.0,0.0,0.0
MTX201891607,1,PHOTO,DRAW,DRAW_L,TEXT,TEXT_T,1.0,0.0,0.0,0.0,0.0
MTX201891650,1,TEXT,LINE_HW,TEXT_P,TEXT_T,DRAW,1.0,0.0,0.0,0.0,0.0
MTX201891710,1,DRAW,TEXT_HW,TEXT,DRAW_L,LINE_T,0.796,0.163,0.038,0.002,0.001
MTX201892563,1,TEXT,TEXT_T,TEXT_P,TEXT_HW,LINE_T,0.797,0.188,0.012,0.003,0.001
MTX202110009,1,TEXT_HW,TEXT,TEXT_T,LINE_HW,DRAW,1.0,0.0,0.0,0.0,0.0
MTX202110009,2,DRAW,DRAW_L,LINE_T,LINE_P,TEXT_T,1.0,0.0,0.0,0.0,0.0
MTX202110009,3,DRAW,DRAW_L,LINE_T,LINE_P,TEXT,1.0,0.0,0.0,0.0,0.0
MTX202110009,4,DRAW,DRAW_L,TEXT,LINE_T,PHOTO_L,1.0,0.0,0.0,0.0,0.0
MTX202110009,5,DRAW,LINE_HW,TEXT_HW,TEXT,LINE_T,0.998,0.001,0.001,0.0,0.0
MTX202110009,6,DRAW,DRAW_L,TEXT,LINE_T,LINE_P,1.0,0.0,0.0,0.0,0.0
MTX202210018,10,DRAW,TEXT_T,PHOTO,PHOTO_L,TEXT_HW,1.0,0.0,0.0,0.0,0.0
MTX202210018,11,DRAW,PHOTO,PHOTO_L,TEXT_T,LINE_T,1.0,0.0,0.0,0.0,0.0
MTX202210018,12,DRAW,TEXT_T,TEXT_HW,PHOTO,LINE_T,1.0,0.0,0.0,0.0,0.0
MTX202210018,13,DRAW,PHOTO,PHOTO_L,LINE_T,TEXT_T,1.0,0.0,0.0,0.0,0.0
MTX202210018,14,DRAW,PHOTO,PHOTO_L,LINE_HW,TEXT_P,0.999,0.0,0.0,0.0,0.0
MTX202210018,15,DRAW,PHOTO,TEXT_T,LINE_T,PHOTO_L,1.0,0.0,0.0,0.0,0.0
MTX202210018,16,DRAW,PHOTO,LINE_T,TEXT_T,PHOTO_L,1.0,0.0,0.0,0.0,0.0
MTX202210018,17,DRAW,PHOTO,TEXT_T,TEXT_HW,LINE_T,1.0,0.0,0.0,0.0,0.0
MTX202210018,18,DRAW,PHOTO,TEXT_T,PHOTO_L,LINE_T,1.0,0.0,0.0,0.0,0.0
MTX202210018,19,DRAW,PHOTO,PHOTO_L,TEXT_P,TEXT_T,1.0,0.0,0.0,0.0,0.0
MTX202210018,20,DRAW,PHOTO,LINE_T,TEXT_HW,PHOTO_L,0.999,0.001,0.0,0.0,0.0
MTX202210018,21,DRAW,PHOTO,PHOTO_L,TEXT,LINE_T,0.999,0.0,0.0,0.0,0.0
MTX202210018,22,DRAW,PHOTO,PHOTO_L,TEXT_T,TEXT,0.999,0.0,0.0,0.0,0.0
MTX202210018,23,DRAW,PHOTO,PHOTO_L,LINE_HW,TEXT_HW,0.999,0.0,0.0,0.0,0.0
MTX202210018,24,DRAW,PHOTO,PHOTO_L,LINE_HW,TEXT_P,1.0,0.0,0.0,0.0,0.0
MTX202210018,25,DRAW,PHOTO,PHOTO_L,LINE_T,TEXT_HW,0.999,0.0,0.0,0.0,0.0
MTX202210018,26,DRAW,PHOTO,PHOTO_L,TEXT,TEXT_HW,1.0,0.0,0.0,0.0,0.0
MTX202210018,27,DRAW,PHOTO_L,PHOTO,TEXT_HW,LINE_T,0.999,0.0,0.0,0.0,0.0
MTX202210018,28,DRAW,PHOTO,PHOTO_L,TEXT,LINE_T,0.901,0.077,0.019,0.001,0.001
MTX202210018a,10,DRAW,DRAW_L,TEXT_T,TEXT_HW,LINE_P,1.0,0.0,0.0,0.0,0.0
MTX202210018a,11,DRAW,LINE_P,PHOTO,DRAW_L,TEXT_HW,0.997,0.001,0.001,0.001,0.0
MTX202210018a,12,DRAW,DRAW_L,LINE_T,LINE_P,TEXT_T,1.0,0.0,0.0,0.0,0.0
MTX202210018a,13,DRAW,DRAW_L,TEXT_T,TEXT_HW,PHOTO,1.0,0.0,0.0,0.0,0.0
MTX202210018a,14,DRAW,DRAW_L,TEXT_T,LINE_P,LINE_T,1.0,0.0,0.0,0.0,0.0
MTX202210018a,15,DRAW,DRAW_L,TEXT_HW,LINE_P,PHOTO,1.0,0.0,0.0,0.0,0.0
MTX202210018a,16,DRAW,DRAW_L,TEXT_T,LINE_P,TEXT_HW,1.0,0.0,0.0,0.0,0.0
MTX202210018a,17,DRAW,TEXT_HW,DRAW_L,TEXT_T,LINE_T,1.0,0.0,0.0,0.0,0.0
MTX202210018a,18,DRAW,TEXT_T,TEXT_HW,DRAW_L,PHOTO,1.0,0.0,0.0,0.0,0.0
MTX202210018a,19,DRAW,DRAW_L,TEXT_T,LINE_T,LINE_P,1.0,0.0,0.0,0.0,0.0
MTX202210018a,20,DRAW,DRAW_L,TEXT_HW,TEXT_T,LINE_P,1.0,0.0,0.0,0.0,0.0
MTX202210018a,21,DRAW,DRAW_L,TEXT_HW,LINE_P,LINE_T,1.0,0.0,0.0,0.0,0.0
MTX202210018a,22,DRAW,DRAW_L,LINE_P,TEXT_T,TEXT_HW,1.0,0.0,0.0,0.0,0.0
MTX202210018a,23,DRAW,DRAW_L,LINE_P,PHOTO,TEXT_P,1.0,0.0,0.0,0.0,0.0
MTX202210018a,24,DRAW,DRAW_L,PHOTO,TEXT_T,TEXT,1.0,0.0,0.0,0.0,0.0
MTX202210018a,25,DRAW,DRAW_L,TEXT_T,TEXT_HW,LINE_P,1.0,0.0,0.0,0.0,0.0
MTX202210018a,26,DRAW,DRAW_L,TEXT_T,LINE_T,TEXT_HW,1.0,0.0,0.0,0.0,0.0
MTX202210018a,27,DRAW,DRAW_L,LINE_P,LINE_T,TEXT_T,1.0,0.0,0.0,0.0,0.0
MTX202210018a,28,DRAW,DRAW_L,TEXT_T,TEXT_HW,LINE_P,1.0,0.0,0.0,0.0,0.0
MTX202210018a,29,DRAW,DRAW_L,TEXT_T,LINE_T,LINE_P,1.0,0.0,0.0,0.0,0.0
MTX202210018a,30,DRAW,DRAW_L,LINE_T,TEXT_T,TEXT_HW,1.0,0.0,0.0,0.0,0.0
MTX202210018a,31,DRAW,DRAW_L,TEXT_T,LINE_T,LINE_P,1.0,0.0,0.0,0.0,0.0
MTX202210018a,32,DRAW,DRAW_L,TEXT_T,LINE_T,TEXT_HW,1.0,0.0,0.0,0.0,0.0
MTX202210018a,33,DRAW,DRAW_L,TEXT_T,TEXT,LINE_T,1.0,0.0,0.0,0.0,0.0
MTX202210018a,34,DRAW,DRAW_L,TEXT_T,TEXT_HW,LINE_T,1.0,0.0,0.0,0.0,0.0
MTX202210018a,35,DRAW,DRAW_L,TEXT_T,LINE_P,LINE_T,1.0,0.0,0.0,0.0,0.0
MTX202210018a,36,DRAW,DRAW_L,TEXT_T,LINE_P,LINE_T,1.0,0.0,0.0,0.0,0.0
MTX202210018a,37,DRAW,DRAW_L,TEXT_T,LINE_P,LINE_T,1.0,0.0,0.0,0.0,0.0
MTX202210018a,38,DRAW,DRAW_L,TEXT_T,LINE_T,TEXT,1.0,0.0,0.0,0.0,0.0
MTX202210018a,39,DRAW,DRAW_L,PHOTO,LINE_T,PHOTO_L,1.0,0.0,0.0,0.0,0.0
MTX202210018a,40,DRAW,DRAW_L,LINE_P,PHOTO,TEXT_T,1.0,0.0,0.0,0.0,0.0
MTX202210018a,41,DRAW,DRAW_L,TEXT_T,LINE_P,PHOTO_L,1.0,0.0,0.0,0.0,0.0
MTX202210018a,42,DRAW,DRAW_L,TEXT_HW,TEXT_T,LINE_P,1.0,0.0,0.0,0.0,0.0
MTX202210018a,43,DRAW,TEXT_HW,DRAW_L,PHOTO,TEXT_T,0.999,0.0,0.0,0.0,0.0
MTX202210018a,44,DRAW,DRAW_L,TEXT_T,TEXT_HW,LINE_T,1.0,0.0,0.0,0.0,0.0
MTX202210018a,45,DRAW,DRAW_L,TEXT_T,TEXT_HW,LINE_P,1.0,0.0,0.0,0.0,0.0
MTX202210018a,46,DRAW,DRAW_L,TEXT_T,TEXT_HW,LINE_T,1.0,0.0,0.0,0.0,0.0
MTX202210018a,47,DRAW,DRAW_L,TEXT_T,LINE_T,LINE_P,1.0,0.0,0.0,0.0,0.0
MTX202210018a,48,DRAW,DRAW_L,LINE_P,TEXT_T,LINE_T,1.0,0.0,0.0,0.0,0.0
MTX202210018a,49,DRAW,DRAW_L,TEXT,LINE_P,LINE_T,1.0,0.0,0.0,0.0,0.0
MTX202210018a,50,DRAW,DRAW_L,LINE_T,TEXT_T,TEXT,1.0,0.0,0.0,0.0,0.0
MTX202210018a,51,DRAW,DRAW_L,LINE_T,TEXT_T,TEXT_HW,1.0,0.0,0.0,0.0,0.0
MTX202210018a,53,DRAW,DRAW_L,TEXT_T,LINE_T,LINE_P,1.0,0.0,0.0,0.0,0.0
MTX202210018a,54,DRAW,DRAW_L,TEXT_HW,TEXT_T,LINE_T,1.0,0.0,0.0,0.0,0.0
MTX202210018a,55,DRAW,DRAW_L,PHOTO,LINE_P,TEXT_T,1.0,0.0,0.0,0.0,0.0
MTX202210018a,56,DRAW,DRAW_L,LINE_T,PHOTO,TEXT_T,1.0,0.0,0.0,0.0,0.0
MTX202210018b,10,PHOTO,DRAW_L,TEXT_HW,LINE_T,PHOTO_L,1.0,0.0,0.0,0.0,0.0
MTX202210018b,11,PHOTO,PHOTO_L,TEXT_HW,TEXT_T,LINE_T,1.0,0.0,0.0,0.0,0.0
MTX202210018b,12,TEXT_T,TEXT_HW,PHOTO,LINE_T,TEXT,0.999,0.0,0.0,0.0,0.0
MTX202210018b,13,PHOTO,PHOTO_L,LINE_T,TEXT_HW,LINE_P,1.0,0.0,0.0,0.0,0.0
MTX202210018b,14,PHOTO,TEXT_HW,TEXT,TEXT_P,PHOTO_L,1.0,0.0,0.0,0.0,0.0
MTX202210018b,15,PHOTO,TEXT_HW,PHOTO_L,DRAW_L,LINE_P,1.0,0.0,0.0,0.0,0.0
MTX202210018b,16,PHOTO,TEXT_HW,TEXT_T,PHOTO_L,LINE_T,1.0,0.0,0.0,0.0,0.0
MTX202210018b,17,PHOTO,PHOTO_L,TEXT_HW,LINE_T,TEXT_T,1.0,0.0,0.0,0.0,0.0
MTX202210018b,18,PHOTO,TEXT_HW,LINE_T,DRAW_L,TEXT_T,1.0,0.0,0.0,0.0,0.0
MTX202210018b,19,PHOTO,TEXT_HW,TEXT_T,LINE_P,LINE_T,1.0,0.0,0.0,0.0,0.0
MTX202210018b,20,PHOTO,TEXT_HW,DRAW_L,LINE_P,TEXT_T,1.0,0.0,0.0,0.0,0.0
MTX202210018b,21,PHOTO,TEXT_HW,PHOTO_L,TEXT_P,TEXT_T,1.0,0.0,0.0,0.0,0.0
MTX202210018b,22,PHOTO,TEXT_HW,TEXT_T,PHOTO_L,LINE_P,1.0,0.0,0.0,0.0,0.0
MTX202210018b,23,PHOTO,LINE_T,TEXT_HW,TEXT_T,TEXT_P,1.0,0.0,0.0,0.0,0.0
MTX202210018b,24,TEXT_T,TEXT_HW,PHOTO,PHOTO_L,TEXT_P,1.0,0.0,0.0,0.0,0.0
MTX202210018b,25,PHOTO,PHOTO_L,TEXT_HW,DRAW,TEXT_T,1.0,0.0,0.0,0.0,0.0
MTX202210018b,26,PHOTO,PHOTO_L,TEXT_HW,TEXT_T,TEXT_P,1.0,0.0,0.0,0.0,0.0
MTX202210018b,27,PHOTO,DRAW,PHOTO_L,TEXT_HW,DRAW_L,1.0,0.0,0.0,0.0,0.0
MTX202210018b,28,PHOTO,DRAW,DRAW_L,TEXT,PHOTO_L,1.0,0.0,0.0,0.0,0.0
MTX202210018b,29,PHOTO,DRAW,PHOTO_L,TEXT_HW,DRAW_L,0.997,0.002,0.0,0.0,0.0
MTX202210018b,30,PHOTO,DRAW,PHOTO_L,TEXT,TEXT_P,1.0,0.0,0.0,0.0,0.0
MTX202210018b,31,PHOTO,DRAW,PHOTO_L,TEXT_T,TEXT,0.999,0.001,0.0,0.0,0.0
MTX202210018b,32,PHOTO,PHOTO_L,DRAW,TEXT,TEXT_T,0.999,0.0,0.0,0.0,0.0
MTX202210018b,33,PHOTO,DRAW,DRAW_L,PHOTO_L,TEXT,1.0,0.0,0.0,0.0,0.0
MTX202210018b,34,PHOTO,DRAW,PHOTO_L,TEXT,TEXT_T,1.0,0.0,0.0,0.0,0.0
MTX202210018b,35,PHOTO,DRAW,PHOTO_L,TEXT_P,TEXT,1.0,0.0,0.0,0.0,0.0
MTX202210018b,36,PHOTO,DRAW,DRAW_L,LINE_T,TEXT_T,1.0,0.0,0.0,0.0,0.0
MTX202210018b,37,PHOTO,DRAW,PHOTO_L,TEXT,DRAW_L,1.0,0.0,0.0,0.0,0.0
MTX202210018b,38,PHOTO,DRAW,PHOTO_L,DRAW_L,TEXT_T,1.0,0.0,0.0,0.0,0.0
MTX202210018b,39,PHOTO,DRAW,PHOTO_L,TEXT,TEXT_HW,0.997,0.002,0.0,0.0,0.0
MTX202210018b,40,PHOTO,DRAW,PHOTO_L,TEXT,DRAW_L,0.999,0.001,0.0,0.0,0.0
MTX202210018b,41,PHOTO,PHOTO_L,DRAW,TEXT,LINE_T,1.0,0.0,0.0,0.0,0.0
MTX202210018b,42,PHOTO,DRAW,PHOTO_L,DRAW_L,TEXT,0.996,0.002,0.001,0.0,0.0
MTX202210018b,43,PHOTO,DRAW,PHOTO_L,DRAW_L,TEXT,1.0,0.0,0.0,0.0,0.0
MTX202210018b,44,PHOTO,DRAW,PHOTO_L,DRAW_L,TEXT,0.999,0.0,0.0,0.0,0.0
MTX202210018b,45,PHOTO,DRAW,PHOTO_L,TEXT,LINE_T,0.999,0.0,0.0,0.0,0.0
MTX202210018b,46,PHOTO,DRAW,PHOTO_L,TEXT,TEXT_T,0.997,0.002,0.001,0.0,0.0
MTX202210018b,47,PHOTO,DRAW,LINE_T,TEXT,TEXT_HW,1.0,0.0,0.0,0.0,0.0
MTX202210018b,48,PHOTO,DRAW,PHOTO_L,LINE_T,TEXT,1.0,0.0,0.0,0.0,0.0
MTX202210018b,49,PHOTO,DRAW,PHOTO_L,TEXT_P,TEXT,0.982,0.017,0.001,0.0,0.0
MTX202210018b,50,PHOTO,DRAW,PHOTO_L,TEXT,TEXT_P,0.999,0.001,0.0,0.0,0.0
MTX202210018b,51,PHOTO,DRAW,PHOTO_L,TEXT,LINE_T,1.0,0.0,0.0,0.0,0.0
MTX202210018b,52,PHOTO,DRAW,TEXT,PHOTO_L,DRAW_L,0.999,0.0,0.0,0.0,0.0
MTX202210018b,53,PHOTO,DRAW,PHOTO_L,TEXT,DRAW_L,0.999,0.0,0.0,0.0,0.0
MTX202210018b,54,PHOTO,DRAW,PHOTO_L,TEXT_P,DRAW_L,0.999,0.0,0.0,0.0,0.0
MTX202210018b,55,PHOTO,DRAW,PHOTO_L,LINE_T,TEXT,0.999,0.0,0.0,0.0,0.0
MTX202210018b,56,PHOTO,DRAW,TEXT,PHOTO_L,TEXT_T,0.993,0.006,0.0,0.0,0.0
MTX202210018b,57,PHOTO,DRAW,PHOTO_L,DRAW_L,TEXT_P,0.999,0.0,0.0,0.0,0.0
MTX202210018b,58,PHOTO,DRAW,PHOTO_L,TEXT,TEXT_P,0.999,0.0,0.0,0.0,0.0
MTX202210018b,59,PHOTO,PHOTO_L,DRAW,TEXT,TEXT_P,1.0,0.0,0.0,0.0,0.0
MTX202210018b,60,PHOTO,DRAW,PHOTO_L,TEXT_HW,TEXT,0.999,0.001,0.0,0.0,0.0
MTX202210018b,61,PHOTO,PHOTO_L,DRAW,TEXT,TEXT_HW,1.0,0.0,0.0,0.0,0.0
MTX202210018b,62,PHOTO,DRAW,PHOTO_L,TEXT,LINE_T,0.999,0.0,0.0,0.0,0.0
MTX202210018b,63,PHOTO,PHOTO_L,DRAW,TEXT,LINE_T,1.0,0.0,0.0,0.0,0.0
MTX202210018b,64,PHOTO,DRAW,PHOTO_L,TEXT,TEXT_P,0.997,0.002,0.0,0.0,0.0
MTX202210018b,65,PHOTO,PHOTO_L,DRAW,TEXT,TEXT_P,0.999,0.0,0.0,0.0,0.0
MTX202210018b,66,PHOTO,DRAW,PHOTO_L,TEXT,DRAW_L,1.0,0.0,0.0,0.0,0.0
MTX202210018b,67,PHOTO,DRAW,PHOTO_L,TEXT_T,TEXT,0.999,0.0,0.0,0.0,0.0
MTX202210018b,68,PHOTO,DRAW,PHOTO_L,TEXT,TEXT_T,0.999,0.0,0.0,0.0,0.0
MTX202210018b,69,PHOTO,DRAW,PHOTO_L,TEXT,DRAW_L,0.997,0.002,0.001,0.0,0.0
MTX202210018b,70,PHOTO,DRAW,PHOTO_L,TEXT_T,TEXT_P,1.0,0.0,0.0,0.0,0.0
MTX202210018b,71,PHOTO,PHOTO_L,DRAW,TEXT,DRAW_L,1.0,0.0,0.0,0.0,0.0
MTX202210018b,72,PHOTO,DRAW,PHOTO_L,LINE_T,TEXT,0.996,0.003,0.0,0.0,0.0
MTX202210018b,73,TEXT_HW,DRAW,TEXT_T,PHOTO,LINE_T,0.62,0.359,0.013,0.006,0.003
MTX202210018b,74,PHOTO,DRAW,PHOTO_L,DRAW_L,TEXT,0.999,0.0,0.0,0.0,0.0
MTX202210018b,75,PHOTO,DRAW,PHOTO_L,TEXT,TEXT_P,1.0,0.0,0.0,0.0,0.0
MTX202210018b,76,PHOTO,DRAW,PHOTO_L,TEXT,TEXT_T,0.999,0.001,0.0,0.0,0.0
MTX202210018b,77,PHOTO,DRAW,PHOTO_L,DRAW_L,TEXT,0.999,0.0,0.0,0.0,0.0
MTX202210018b,78,PHOTO,DRAW,PHOTO_L,TEXT,DRAW_L,1.0,0.0,0.0,0.0,0.0
MTX202210018b,79,PHOTO,DRAW,PHOTO_L,TEXT,TEXT_P,0.999,0.0,0.0,0.0,0.0
MTX202210018b,80,PHOTO,DRAW,PHOTO_L,DRAW_L,TEXT,0.999,0.001,0.0,0.0,0.0
MTX202210018b,81,PHOTO,DRAW,PHOTO_L,DRAW_L,TEXT,0.998,0.001,0.0,0.0,0.0
MTX202210018b,82,PHOTO,DRAW,PHOTO_L,TEXT_P,TEXT_HW,0.997,0.003,0.0,0.0,0.0
MTX202210018b,83,PHOTO,DRAW,PHOTO_L,TEXT_P,DRAW_L,1.0,0.0,0.0,0.0,0.0
MTX202210018b,84,PHOTO,DRAW,PHOTO_L,TEXT,DRAW_L,0.999,0.0,0.0,0.0,0.0
MTX202210018b,85,PHOTO,DRAW,PHOTO_L,TEXT,DRAW_L,1.0,0.0,0.0,0.0,0.0
MTX202210018b,86,PHOTO,DRAW,PHOTO_L,TEXT,TEXT_P,0.999,0.0,0.0,0.0,0.0
MTX202210018b,87,PHOTO,DRAW,PHOTO_L,DRAW_L,TEXT,0.999,0.0,0.0,0.0,0.0
MTX202210018b,88,PHOTO,DRAW,PHOTO_L,DRAW_L,TEXT,0.998,0.001,0.0,0.0,0.0
MTX202210018b,89,PHOTO,DRAW,DRAW_L,TEXT,TEXT_P,0.998,0.002,0.0,0.0,0.0
MTX202210018b,90,PHOTO,DRAW,DRAW_L,TEXT,TEXT_T,0.995,0.005,0.0,0.0,0.0
MTX202210018b,91,PHOTO,DRAW,PHOTO_L,TEXT,TEXT_HW,0.998,0.002,0.0,0.0,0.0
MTX202210018b,92,PHOTO,DRAW,PHOTO_L,TEXT_HW,LINE_T,0.981,0.018,0.001,0.0,0.0
MTX202210018b,93,DRAW,PHOTO,PHOTO_L,LINE_T,LINE_HW,0.802,0.195,0.002,0.001,0.0
MTX202210018b,94,DRAW,PHOTO,PHOTO_L,TEXT_T,TEXT,1.0,0.0,0.0,0.0,0.0
MTX202210018b,95,DRAW,PHOTO,PHOTO_L,LINE_HW,TEXT_T,0.999,0.0,0.0,0.0,0.0
MTX202210018b,96,PHOTO,DRAW,PHOTO_L,TEXT,TEXT_P,0.999,0.0,0.0,0.0,0.0
MTX202210018b,97,PHOTO,DRAW,PHOTO_L,TEXT,DRAW_L,0.996,0.003,0.001,0.0,0.0
MTX202210018b,98,PHOTO,DRAW,PHOTO_L,TEXT,DRAW_L,0.999,0.001,0.0,0.0,0.0
MTX202210018b,99,DRAW,PHOTO,TEXT,DRAW_L,PHOTO_L,0.799,0.199,0.001,0.001,0.001
MTX202210018c,10,DRAW,DRAW_L,TEXT_T,LINE_P,LINE_T,1.0,0.0,0.0,0.0,0.0
MTX202210018c,11,DRAW,LINE_T,LINE_P,DRAW_L,TEXT_P,1.0,0.0,0.0,0.0,0.0
MTX202210018c,12,DRAW,LINE_T,TEXT_T,DRAW_L,LINE_HW,1.0,0.0,0.0,0.0,0.0
MTX202210018c,13,DRAW,PHOTO,DRAW_L,PHOTO_L,TEXT,0.975,0.023,0.001,0.001,0.0
MTX202210018c,14,DRAW,LINE_T,DRAW_L,PHOTO_L,TEXT_T,1.0,0.0,0.0,0.0,0.0
MTX202210018c,15,DRAW,LINE_T,LINE_P,DRAW_L,LINE_HW,1.0,0.0,0.0,0.0,0.0
MTX202210018c,16,DRAW,PHOTO,LINE_P,DRAW_L,LINE_T,1.0,0.0,0.0,0.0,0.0
MTX202210018c,17,DRAW,PHOTO,DRAW_L,LINE_P,LINE_T,1.0,0.0,0.0,0.0,0.0
MTX202210018c,18,DRAW,DRAW_L,LINE_T,LINE_P,PHOTO,1.0,0.0,0.0,0.0,0.0
MTX202210018c,19,DRAW,LINE_P,LINE_T,DRAW_L,TEXT_P,1.0,0.0,0.0,0.0,0.0
MTX202210018c,20,DRAW,LINE_P,PHOTO,LINE_T,DRAW_L,0.999,0.0,0.0,0.0,0.0
MTX202210018c,21,TEXT_HW,DRAW,TEXT,TEXT_T,LINE_HW,0.998,0.001,0.001,0.0,0.0
MTX202210018c,22,DRAW,DRAW_L,LINE_T,LINE_P,LINE_HW,1.0,0.0,0.0,0.0,0.0
MTX202210018c,23,DRAW,DRAW_L,LINE_T,TEXT_T,LINE_P,1.0,0.0,0.0,0.0,0.0
MTX202210018c,24,DRAW,TEXT,TEXT_HW,PHOTO,DRAW_L,1.0,0.0,0.0,0.0,0.0
MTX202210018c,25,DRAW,LINE_T,DRAW_L,TEXT_T,LINE_HW,1.0,0.0,0.0,0.0,0.0
MTX202210018c,26,DRAW,DRAW_L,TEXT_T,LINE_T,LINE_P,1.0,0.0,0.0,0.0,0.0
MTX202210018c,27,DRAW,DRAW_L,TEXT_T,PHOTO_L,LINE_HW,1.0,0.0,0.0,0.0,0.0
MTX202210018c,28,TEXT_HW,TEXT_T,DRAW,PHOTO,TEXT,0.914,0.062,0.013,0.007,0.004
MTX202210018c,29,DRAW,PHOTO,DRAW_L,TEXT,TEXT_T,1.0,0.0,0.0,0.0,0.0
MTX202210018c,30,TEXT_HW,TEXT_T,PHOTO,LINE_T,TEXT,0.575,0.386,0.028,0.006,0.004
MTX202210018c,31,DRAW,LINE_T,LINE_HW,TEXT_T,DRAW_L,1.0,0.0,0.0,0.0,0.0
MTX202210018c,32,DRAW,DRAW_L,LINE_P,PHOTO,TEXT_T,1.0,0.0,0.0,0.0,0.0
MTX202210018c,33,DRAW,LINE_P,DRAW_L,LINE_T,PHOTO,0.999,0.001,0.0,0.0,0.0
MTX202210018c,34,DRAW,LINE_P,DRAW_L,LINE_T,PHOTO,0.998,0.001,0.001,0.0,0.0
MTX202210018c,35,DRAW,LINE_P,PHOTO,LINE_T,DRAW_L,0.994,0.005,0.001,0.001,0.0
MTX202210018c,36,DRAW,PHOTO,TEXT_HW,LINE_T,TEXT,0.934,0.039,0.021,0.004,0.002
MTX202210018c,37,DRAW,LINE_P,PHOTO,DRAW_L,LINE_T,0.999,0.001,0.0,0.0,0.0
MTX202210018c,38,DRAW,PHOTO,LINE_T,LINE_P,TEXT_HW,0.986,0.006,0.004,0.003,0.002
MTX202210018c,39,DRAW,PHOTO,LINE_T,LINE_P,TEXT_T,1.0,0.0,0.0,0.0,0.0
MTX202210018c,40,DRAW,PHOTO,TEXT_HW,LINE_T,LINE_P,0.974,0.02,0.003,0.002,0.001
MTX202210018c,41,DRAW,PHOTO,LINE_P,PHOTO_L,DRAW_L,0.999,0.001,0.0,0.0,0.0
MTX202210018c,42,DRAW,PHOTO,TEXT_HW,LINE_T,TEXT_T,0.908,0.048,0.032,0.007,0.006
MTX202210018c,43,DRAW,PHOTO,PHOTO_L,TEXT,LINE_P,0.984,0.015,0.0,0.0,0.0
MTX202210018c,44,DRAW,LINE_T,PHOTO,TEXT_HW,DRAW_L,0.992,0.003,0.003,0.001,0.001
MTX202210018d,10,DRAW,DRAW_L,TEXT,TEXT_T,LINE_T,1.0,0.0,0.0,0.0,0.0
MTX202210018d,11,DRAW,DRAW_L,TEXT,TEXT_T,LINE_T,1.0,0.0,0.0,0.0,0.0
MTX202210018d,12,DRAW,DRAW_L,PHOTO,TEXT_T,LINE_T,1.0,0.0,0.0,0.0,0.0
MTX202210018d,13,DRAW,LINE_T,TEXT,PHOTO,DRAW_L,1.0,0.0,0.0,0.0,0.0
MTX202210018d,14,DRAW,DRAW_L,LINE_T,TEXT_T,PHOTO_L,1.0,0.0,0.0,0.0,0.0
MTX202210018d,15,DRAW,TEXT_T,PHOTO,LINE_T,DRAW_L,1.0,0.0,0.0,0.0,0.0
MTX202210018d,16,DRAW,DRAW_L,TEXT,TEXT_T,PHOTO_L,1.0,0.0,0.0,0.0,0.0
MTX202210018d,17,DRAW,TEXT_T,LINE_T,PHOTO,DRAW_L,1.0,0.0,0.0,0.0,0.0
MTX202210018d,18,DRAW,TEXT_T,DRAW_L,LINE_T,PHOTO_L,1.0,0.0,0.0,0.0,0.0
MTX202210018d,19,DRAW,DRAW_L,TEXT,LINE_T,TEXT_T,1.0,0.0,0.0,0.0,0.0
MTX202210018d,20,DRAW,DRAW_L,LINE_T,PHOTO,LINE_P,1.0,0.0,0.0,0.0,0.0
MTX202210018d,21,DRAW,DRAW_L,LINE_T,TEXT_T,LINE_P,1.0,0.0,0.0,0.0,0.0
MTX202210018d,22,DRAW,DRAW_L,TEXT,TEXT_T,LINE_T,1.0,0.0,0.0,0.0,0.0
MTX202210018d,23,DRAW,DRAW_L,TEXT_T,LINE_T,TEXT_HW,1.0,0.0,0.0,0.0,0.0
MTX202210018d,24,DRAW,DRAW_L,TEXT_T,LINE_T,PHOTO_L,1.0,0.0,0.0,0.0,0.0
MTX202210018d,25,DRAW,DRAW_L,LINE_T,LINE_P,TEXT_T,1.0,0.0,0.0,0.0,0.0
MTX202210018d,26,DRAW,DRAW_L,TEXT,TEXT_T,LINE_T,1.0,0.0,0.0,0.0,0.0
MTX202210018d,27,DRAW,DRAW_L,TEXT_T,LINE_T,PHOTO_L,1.0,0.0,0.0,0.0,0.0
MTX202210018d,28,DRAW,DRAW_L,TEXT_T,PHOTO,LINE_T,1.0,0.0,0.0,0.0,0.0
MTX202210018d,29,DRAW,LINE_T,DRAW_L,PHOTO,TEXT_T,1.0,0.0,0.0,0.0,0.0
MTX202210018d,30,DRAW,DRAW_L,LINE_T,TEXT_T,TEXT,1.0,0.0,0.0,0.0,0.0
MTX202210018d,31,DRAW,DRAW_L,TEXT_T,PHOTO_L,PHOTO,1.0,0.0,0.0,0.0,0.0
MTX202210018d,32,DRAW,DRAW_L,LINE_T,TEXT_T,PHOTO,1.0,0.0,0.0,0.0,0.0
MTX202210018d,33,DRAW,DRAW_L,TEXT_T,PHOTO,LINE_T,1.0,0.0,0.0,0.0,0.0
MTX202210018d,34,DRAW,DRAW_L,TEXT,LINE_T,TEXT_T,1.0,0.0,0.0,0.0,0.0
MTX202210018d,35,DRAW,TEXT_T,DRAW_L,LINE_T,TEXT,1.0,0.0,0.0,0.0,0.0
MTX202210018d,36,DRAW,DRAW_L,TEXT_T,PHOTO,LINE_T,1.0,0.0,0.0,0.0,0.0
MTX202210018d,37,DRAW,DRAW_L,TEXT_T,LINE_T,LINE_P,1.0,0.0,0.0,0.0,0.0
MTX202210018d,38,DRAW,DRAW_L,TEXT_T,LINE_T,TEXT,1.0,0.0,0.0,0.0,0.0
MTX202210018d,39,DRAW,DRAW_L,TEXT_T,TEXT,LINE_T,1.0,0.0,0.0,0.0,0.0
MTX202210018d,40,DRAW,DRAW_L,TEXT_T,LINE_T,LINE_P,1.0,0.0,0.0,0.0,0.0
MTX202210018d,41,DRAW,DRAW_L,TEXT_T,LINE_T,PHOTO_L,1.0,0.0,0.0,0.0,0.0
MTX202210018d,42,DRAW,DRAW_L,LINE_T,PHOTO_L,TEXT_T,1.0,0.0,0.0,0.0,0.0
MTX202210023a,10,LINE_HW,LINE_T,DRAW,LINE_P,TEXT,0.999,0.0,0.0,0.0,0.0
MTX202210023a,11,LINE_HW,LINE_T,DRAW,LINE_P,TEXT_T,0.995,0.004,0.0,0.0,0.0
MTX202210023a,12,LINE_HW,LINE_T,DRAW,LINE_P,TEXT,0.999,0.001,0.0,0.0,0.0
MTX202210023a,13,LINE_HW,LINE_T,DRAW,TEXT,LINE_P,0.999,0.0,0.0,0.0,0.0
MTX202210023a,14,LINE_T,LINE_HW,DRAW,TEXT_HW,TEXT_T,0.991,0.007,0.001,0.0,0.0
MTX202210023a,15,LINE_T,DRAW,LINE_HW,TEXT_HW,TEXT_T,0.995,0.003,0.001,0.0,0.0
MTX202210023a,16,LINE_T,LINE_HW,DRAW,TEXT_HW,TEXT_T,0.974,0.014,0.008,0.003,0.002
MTX202210023b,10,TEXT_T,TEXT_P,PHOTO,TEXT,DRAW_L,1.0,0.0,0.0,0.0,0.0
MTX202210023b,11,TEXT_T,TEXT_P,PHOTO,DRAW,TEXT,1.0,0.0,0.0,0.0,0.0
MTX202210023b,12,TEXT_T,TEXT_P,PHOTO,TEXT,LINE_T,1.0,0.0,0.0,0.0,0.0
MTX202210023b,13,TEXT_T,TEXT_P,TEXT,PHOTO,TEXT_HW,1.0,0.0,0.0,0.0,0.0
MTX202210023b,14,TEXT_T,TEXT_P,TEXT,PHOTO,TEXT_HW,0.999,0.001,0.0,0.0,0.0
MTX202210023b,15,TEXT_T,TEXT_P,LINE_T,PHOTO,LINE_P,1.0,0.0,0.0,0.0,0.0
MTX202210023b,16,TEXT_T,TEXT_P,PHOTO,TEXT,LINE_T,1.0,0.0,0.0,0.0,0.0
MTX202210023b,17,TEXT_T,TEXT_P,TEXT,PHOTO,LINE_T,1.0,0.0,0.0,0.0,0.0
MTX202210023b,18,TEXT_T,TEXT_P,LINE_T,PHOTO,TEXT,1.0,0.0,0.0,0.0,0.0
MTX202210023b,19,TEXT_T,TEXT_P,TEXT,PHOTO,LINE_T,1.0,0.0,0.0,0.0,0.0
MTX202210023b,20,TEXT_T,TEXT_P,PHOTO,TEXT,LINE_T,1.0,0.0,0.0,0.0,0.0
MTX202210023b,21,TEXT_T,TEXT_P,PHOTO,TEXT,DRAW,1.0,0.0,0.0,0.0,0.0
MTX202210023b,22,TEXT_T,TEXT_P,PHOTO,LINE_P,DRAW,1.0,0.0,0.0,0.0,0.0
MTX202210023b,23,TEXT_T,LINE_T,TEXT_P,TEXT,PHOTO,1.0,0.0,0.0,0.0,0.0
MTX202210023b,24,TEXT_T,TEXT_P,PHOTO,TEXT,DRAW,1.0,0.0,0.0,0.0,0.0
MTX202210023b,25,TEXT_T,TEXT_P,TEXT,LINE_T,TEXT_HW,1.0,0.0,0.0,0.0,0.0
MTX202210023b,26,TEXT_T,TEXT_P,PHOTO,TEXT,LINE_T,1.0,0.0,0.0,0.0,0.0
MTX202210023b,27,TEXT_T,TEXT_P,PHOTO,DRAW,TEXT,1.0,0.0,0.0,0.0,0.0
MTX202210023b,28,TEXT_T,TEXT_P,TEXT_HW,PHOTO,LINE_T,0.999,0.001,0.0,0.0,0.0
MTX202210023b,29,TEXT_T,TEXT_P,PHOTO,TEXT,DRAW,1.0,0.0,0.0,0.0,0.0
MTX202210023b,30,TEXT_T,TEXT_P,TEXT,PHOTO,LINE_T,1.0,0.0,0.0,0.0,0.0
MTX202210023b,31,TEXT_T,TEXT_P,TEXT,TEXT_HW,PHOTO,0.999,0.0,0.0,0.0,0.0
MTX202210023b,32,TEXT_T,TEXT_P,TEXT,PHOTO,LINE_T,1.0,0.0,0.0,0.0,0.0
MTX202210023b,33,TEXT_T,TEXT_P,PHOTO,TEXT,DRAW_L,1.0,0.0,0.0,0.0,0.0
MTX202210023b,34,TEXT_T,TEXT_P,PHOTO,DRAW,TEXT_HW,1.0,0.0,0.0,0.0,0.0
MTX202210023b,35,TEXT_T,TEXT_P,PHOTO,TEXT,DRAW,1.0,0.0,0.0,0.0,0.0
MTX202210023b,36,TEXT_T,TEXT_P,PHOTO,TEXT,DRAW,1.0,0.0,0.0,0.0,0.0
MTX202210023b,37,TEXT_T,TEXT_P,PHOTO,TEXT,DRAW_L,1.0,0.0,0.0,0.0,0.0
MTX202210023b,38,TEXT_T,TEXT_P,PHOTO,TEXT,DRAW,1.0,0.0,0.0,0.0,0.0
MTX202210023b,39,TEXT_T,TEXT_P,DRAW,PHOTO,LINE_T,1.0,0.0,0.0,0.0,0.0
MTX202210023b,40,TEXT_T,TEXT_P,PHOTO,TEXT_HW,TEXT,1.0,0.0,0.0,0.0,0.0
MTX202210023b,41,TEXT_T,TEXT_P,PHOTO,TEXT,DRAW,1.0,0.0,0.0,0.0,0.0
MTX202210023b,42,TEXT_T,TEXT_P,PHOTO,DRAW,LINE_T,1.0,0.0,0.0,0.0,0.0
MTX202210023b,43,TEXT_T,TEXT_P,PHOTO,DRAW,PHOTO_L,1.0,0.0,0.0,0.0,0.0
MTX202210023b,44,TEXT_T,TEXT_P,PHOTO,TEXT,DRAW,1.0,0.0,0.0,0.0,0.0
MTX202210023b,45,TEXT_T,TEXT_P,PHOTO,DRAW,TEXT,1.0,0.0,0.0,0.0,0.0
MTX202210023b,46,TEXT_T,TEXT_P,PHOTO,TEXT,PHOTO_L,1.0,0.0,0.0,0.0,0.0
MTX202210023b,47,TEXT_T,TEXT_P,TEXT,TEXT_HW,LINE_T,1.0,0.0,0.0,0.0,0.0
MTX202210023b,48,TEXT_T,TEXT_P,PHOTO,LINE_P,TEXT,1.0,0.0,0.0,0.0,0.0
MTX202210023b,49,TEXT_T,TEXT_P,PHOTO,LINE_P,TEXT,1.0,0.0,0.0,0.0,0.0
MTX202210023b,50,TEXT_T,TEXT_P,PHOTO,PHOTO_L,DRAW,1.0,0.0,0.0,0.0,0.0
MTX202210023b,51,TEXT_T,TEXT_P,PHOTO,TEXT_HW,TEXT,1.0,0.0,0.0,0.0,0.0
MTX202210023b,52,TEXT_T,TEXT_P,PHOTO,TEXT_HW,TEXT,1.0,0.0,0.0,0.0,0.0
MTX202210023b,53,TEXT_T,TEXT_P,PHOTO,LINE_T,LINE_P,1.0,0.0,0.0,0.0,0.0
MTX202210023b,54,TEXT_T,TEXT_P,TEXT,PHOTO,DRAW,1.0,0.0,0.0,0.0,0.0
MTX202210023b,55,TEXT_T,TEXT_P,PHOTO,LINE_P,DRAW,1.0,0.0,0.0,0.0,0.0
MTX202210023b,56,TEXT_T,TEXT_P,PHOTO,LINE_P,TEXT,1.0,0.0,0.0,0.0,0.0
MTX202210023b,57,TEXT_T,TEXT_P,PHOTO,LINE_T,TEXT,1.0,0.0,0.0,0.0,0.0
MTX202210023b,58,TEXT_T,TEXT_P,PHOTO,TEXT,DRAW,1.0,0.0,0.0,0.0,0.0
MTX202210023b,59,TEXT_T,TEXT_P,PHOTO,DRAW,TEXT,1.0,0.0,0.0,0.0,0.0
MTX202210023b,60,TEXT_T,TEXT_P,PHOTO,PHOTO_L,DRAW,1.0,0.0,0.0,0.0,0.0
MTX202210023b,61,TEXT_T,TEXT_P,PHOTO,TEXT,TEXT_HW,1.0,0.0,0.0,0.0,0.0
MTX202210023c,10,LINE_HW,TEXT,TEXT_HW,LINE_T,DRAW_L,1.0,0.0,0.0,0.0,0.0
MTX202210023c,11,LINE_HW,LINE_T,TEXT,TEXT_HW,LINE_P,0.982,0.015,0.001,0.001,0.0
MTX202210023c,12,LINE_HW,LINE_T,LINE_P,TEXT,TEXT_T,1.0,0.0,0.0,0.0,0.0
MTX202210023c,13,LINE_HW,TEXT_HW,LINE_T,LINE_P,TEXT,1.0,0.0,0.0,0.0,0.0
MTX202210023c,14,LINE_HW,LINE_T,TEXT_HW,LINE_P,TEXT_T,1.0,0.0,0.0,0.0,0.0
MTX202210023c,15,LINE_HW,TEXT_HW,TEXT,DRAW,LINE_T,0.999,0.0,0.0,0.0,0.0
MTX202210023c,16,LINE_HW,TEXT_HW,TEXT,LINE_P,TEXT_T,0.999,0.0,0.0,0.0,0.0
MTX202210023c,17,LINE_HW,TEXT_HW,DRAW,TEXT,DRAW_L,1.0,0.0,0.0,0.0,0.0
MTX202210023c,18,LINE_HW,TEXT_HW,TEXT,TEXT_T,LINE_P,1.0,0.0,0.0,0.0,0.0
MTX202210023c,19,LINE_HW,LINE_T,TEXT,LINE_P,TEXT_HW,1.0,0.0,0.0,0.0,0.0
MTX202210023c,20,LINE_HW,TEXT_HW,TEXT,DRAW_L,DRAW,1.0,0.0,0.0,0.0,0.0
MTX202210023c,21,LINE_HW,TEXT_HW,TEXT,TEXT_T,DRAW,1.0,0.0,0.0,0.0,0.0
MTX202210023c,22,LINE_HW,TEXT_HW,TEXT,DRAW_L,DRAW,1.0,0.0,0.0,0.0,0.0
MTX202210023c,23,LINE_HW,TEXT_HW,TEXT,DRAW,TEXT_T,1.0,0.0,0.0,0.0,0.0
MTX202210023c,24,LINE_HW,DRAW_L,TEXT,TEXT_HW,LINE_P,1.0,0.0,0.0,0.0,0.0
MTX202210023c,25,LINE_T,DRAW,TEXT_HW,LINE_HW,DRAW_L,1.0,0.0,0.0,0.0,0.0
MTX202210023c,26,LINE_HW,DRAW,TEXT,DRAW_L,LINE_P,0.998,0.001,0.001,0.0,0.0
MTX202210023c,27,LINE_HW,TEXT,LINE_T,DRAW,TEXT_T,1.0,0.0,0.0,0.0,0.0
MTX202210023c,28,LINE_HW,DRAW,DRAW_L,TEXT,LINE_T,0.997,0.002,0.001,0.0,0.0
MTX202210023c,29,LINE_HW,LINE_P,DRAW,LINE_T,DRAW_L,1.0,0.0,0.0,0.0,0.0
MTX202210023c,30,LINE_T,LINE_HW,DRAW,TEXT_HW,TEXT,0.997,0.002,0.001,0.001,0.0
MTX202210023c,31,LINE_HW,LINE_T,LINE_P,TEXT,DRAW_L,1.0,0.0,0.0,0.0,0.0
MTX202210023c,32,LINE_HW,TEXT_HW,LINE_P,TEXT,DRAW_L,1.0,0.0,0.0,0.0,0.0
MTX202210023c,33,LINE_HW,LINE_T,LINE_P,DRAW,DRAW_L,0.83,0.166,0.002,0.001,0.001
MTX202210023c,34,LINE_T,DRAW,TEXT_HW,LINE_HW,DRAW_L,1.0,0.0,0.0,0.0,0.0
MTX202210023c,35,LINE_HW,LINE_T,LINE_P,TEXT,TEXT_HW,1.0,0.0,0.0,0.0,0.0
MTX202210023c,36,LINE_HW,LINE_P,LINE_T,TEXT,DRAW_L,1.0,0.0,0.0,0.0,0.0
MTX202210023c,37,LINE_HW,LINE_T,LINE_P,DRAW,TEXT_HW,0.855,0.139,0.002,0.002,0.002
MTX202210023d,10,DRAW,PHOTO,TEXT_T,TEXT,PHOTO_L,0.999,0.0,0.0,0.0,0.0
MTX202210023d,11,DRAW,PHOTO,TEXT_T,LINE_T,PHOTO_L,1.0,0.0,0.0,0.0,0.0
MTX202210023d,12,DRAW,TEXT_T,PHOTO,TEXT_HW,TEXT,1.0,0.0,0.0,0.0,0.0
MTX202210023d,13,DRAW,PHOTO,TEXT_T,TEXT_HW,LINE_T,1.0,0.0,0.0,0.0,0.0
MTX202210023d,14,DRAW,PHOTO,TEXT_T,TEXT_HW,PHOTO_L,0.999,0.0,0.0,0.0,0.0
MTX202210023d,15,DRAW,PHOTO,TEXT_T,TEXT,LINE_T,1.0,0.0,0.0,0.0,0.0
MTX202210023d,16,DRAW,PHOTO,PHOTO_L,LINE_T,TEXT,0.999,0.001,0.0,0.0,0.0
MTX202210023e,10,DRAW,DRAW_L,TEXT_T,LINE_P,LINE_T,1.0,0.0,0.0,0.0,0.0
MTX202210023e,11,DRAW,DRAW_L,TEXT_HW,LINE_P,TEXT_T,1.0,0.0,0.0,0.0,0.0
MTX202210023e,12,DRAW,DRAW_L,LINE_T,TEXT_T,LINE_P,1.0,0.0,0.0,0.0,0.0
MTX202210023e,13,DRAW,DRAW_L,TEXT_T,TEXT,TEXT_HW,1.0,0.0,0.0,0.0,0.0
MTX202210023e,14,DRAW,DRAW_L,LINE_P,PHOTO,TEXT,1.0,0.0,0.0,0.0,0.0
MTX202210023e,15,DRAW,DRAW_L,LINE_P,TEXT_T,TEXT,1.0,0.0,0.0,0.0,0.0
MTX202210023e,16,DRAW,DRAW_L,LINE_P,TEXT_T,LINE_T,1.0,0.0,0.0,0.0,0.0
MTX202210023e,17,DRAW,DRAW_L,LINE_P,TEXT_T,TEXT_HW,1.0,0.0,0.0,0.0,0.0
MTX202210023e,18,DRAW,DRAW_L,TEXT_HW,LINE_P,TEXT_T,1.0,0.0,0.0,0.0,0.0
MTX202210023e,19,DRAW,DRAW_L,TEXT,PHOTO,LINE_T,1.0,0.0,0.0,0.0,0.0
MTX202210023e,20,DRAW,DRAW_L,LINE_P,TEXT_T,TEXT_HW,1.0,0.0,0.0,0.0,0.0
MTX202210023e,21,DRAW,DRAW_L,TEXT_T,TEXT_HW,LINE_T,1.0,0.0,0.0,0.0,0.0
MTX202210023e,22,DRAW,TEXT_T,DRAW_L,TEXT_HW,LINE_T,1.0,0.0,0.0,0.0,0.0
MTX202210023e,23,DRAW,DRAW_L,TEXT_T,TEXT_HW,LINE_P,1.0,0.0,0.0,0.0,0.0
MTX202210023e,24,DRAW,DRAW_L,LINE_P,LINE_T,TEXT_T,1.0,0.0,0.0,0.0,0.0
MTX202210023e,25,DRAW,TEXT_HW,TEXT,LINE_P,PHOTO,0.696,0.255,0.02,0.019,0.011
MTX202210023e,26,DRAW,DRAW_L,TEXT_T,TEXT_HW,PHOTO_L,1.0,0.0,0.0,0.0,0.0
MTX202210023e,27,DRAW,DRAW_L,TEXT_T,LINE_P,LINE_T,1.0,0.0,0.0,0.0,0.0
MTX202210023e,28,DRAW,DRAW_L,TEXT_T,LINE_T,TEXT_HW,1.0,0.0,0.0,0.0,0.0
MTX202210023e,29,DRAW,DRAW_L,TEXT_T,LINE_P,LINE_T,1.0,0.0,0.0,0.0,0.0
MTX202210023e,30,DRAW,DRAW_L,TEXT_T,PHOTO,TEXT_HW,1.0,0.0,0.0,0.0,0.0
MTX202210023e,31,DRAW,DRAW_L,TEXT_T,LINE_T,TEXT,1.0,0.0,0.0,0.0,0.0
MTX202210023e,32,DRAW,TEXT_T,DRAW_L,TEXT_HW,LINE_T,1.0,0.0,0.0,0.0,0.0
MTX202210023e,33,DRAW,DRAW_L,PHOTO,LINE_P,TEXT_HW,1.0,0.0,0.0,0.0,0.0
MTX202210023e,34,DRAW,DRAW_L,TEXT_T,TEXT_HW,TEXT,1.0,0.0,0.0,0.0,0.0
MTX202210023e,35,DRAW,DRAW_L,PHOTO,LINE_P,TEXT,1.0,0.0,0.0,0.0,0.0
MTX202210023e,36,DRAW,DRAW_L,TEXT_T,TEXT_HW,LINE_P,1.0,0.0,0.0,0.0,0.0
MTX202210023e,37,DRAW,TEXT_T,DRAW_L,TEXT_HW,PHOTO,1.0,0.0,0.0,0.0,0.0
MTX202210023e,38,DRAW,DRAW_L,LINE_P,LINE_T,TEXT_HW,1.0,0.0,0.0,0.0,0.0
MTX202210023e,39,DRAW,DRAW_L,TEXT_T,TEXT_HW,LINE_T,1.0,0.0,0.0,0.0,0.0
MTX202210023e,40,DRAW,DRAW_L,TEXT_T,LINE_T,TEXT_HW,1.0,0.0,0.0,0.0,0.0
MTX202210023e,41,DRAW,DRAW_L,TEXT_T,LINE_P,TEXT_HW,1.0,0.0,0.0,0.0,0.0
MTX202210023e,42,DRAW,DRAW_L,LINE_P,LINE_T,PHOTO_L,1.0,0.0,0.0,0.0,0.0
MTX202210023e,43,DRAW,DRAW_L,TEXT_T,LINE_P,TEXT_HW,1.0,0.0,0.0,0.0,0.0
MTX202210023e,44,DRAW,DRAW_L,TEXT_T,LINE_T,TEXT_HW,1.0,0.0,0.0,0.0,0.0
MTX202210023e,45,DRAW,DRAW_L,TEXT_T,LINE_T,LINE_P,1.0,0.0,0.0,0.0,0.0
MTX202210023e,46,DRAW,DRAW_L,TEXT_T,LINE_P,LINE_T,1.0,0.0,0.0,0.0,0.0
MTX202210023e,47,DRAW,DRAW_L,TEXT_T,TEXT_HW,LINE_P,1.0,0.0,0.0,0.0,0.0
MTX202210023e,48,DRAW,DRAW_L,TEXT_T,LINE_P,LINE_T,1.0,0.0,0.0,0.0,0.0
MTX202210023e,49,DRAW,DRAW_L,TEXT_T,LINE_T,TEXT_HW,1.0,0.0,0.0,0.0,0.0
MTX202210023e,50,DRAW,DRAW_L,TEXT_T,TEXT_HW,LINE_T,1.0,0.0,0.0,0.0,0.0
MTX202210023e,51,DRAW,DRAW_L,TEXT_T,LINE_T,LINE_P,1.0,0.0,0.0,0.0,0.0
MTX202210023e,52,DRAW,DRAW_L,TEXT_T,LINE_P,TEXT_HW,1.0,0.0,0.0,0.0,0.0
MTX202210023e,53,DRAW,DRAW_L,LINE_P,PHOTO,TEXT_T,1.0,0.0,0.0,0.0,0.0
MTX202210023e,54,DRAW,DRAW_L,PHOTO,TEXT_HW,TEXT_T,1.0,0.0,0.0,0.0,0.0
MTX202210023e,55,DRAW,DRAW_L,LINE_P,TEXT_HW,PHOTO,1.0,0.0,0.0,0.0,0.0
MTX202210023e,56,DRAW,DRAW_L,TEXT_HW,TEXT_T,TEXT,1.0,0.0,0.0,0.0,0.0
MTX202210023e,57,DRAW,DRAW_L,PHOTO,LINE_P,TEXT_HW,1.0,0.0,0.0,0.0,0.0
MTX202210023e,58,DRAW,DRAW_L,TEXT_T,TEXT_HW,LINE_P,1.0,0.0,0.0,0.0,0.0
MTX202210023e,59,DRAW,DRAW_L,TEXT_HW,TEXT_T,LINE_P,1.0,0.0,0.0,0.0,0.0
MTX202210023e,60,DRAW,DRAW_L,TEXT,PHOTO,TEXT_HW,1.0,0.0,0.0,0.0,0.0
MTX202210023e,61,DRAW,DRAW_L,PHOTO,TEXT_HW,LINE_P,1.0,0.0,0.0,0.0,0.0
MTX202210023e,62,DRAW,DRAW_L,PHOTO,TEXT_T,LINE_P,1.0,0.0,0.0,0.0,0.0
MTX202210023e,63,DRAW,DRAW_L,PHOTO,TEXT_HW,LINE_P,1.0,0.0,0.0,0.0,0.0
MTX202210023e,64,DRAW,DRAW_L,PHOTO,TEXT_HW,PHOTO_L,1.0,0.0,0.0,0.0,0.0
MTX202210023e,65,DRAW,DRAW_L,TEXT_HW,TEXT_T,TEXT,1.0,0.0,0.0,0.0,0.0
MTX202210023e,66,DRAW,DRAW_L,PHOTO,TEXT_HW,TEXT,1.0,0.0,0.0,0.0,0.0
MTX202210023e,67,DRAW,DRAW_L,TEXT_HW,LINE_P,LINE_T,1.0,0.0,0.0,0.0,0.0
MTX202210023e,68,DRAW,DRAW_L,TEXT_HW,LINE_P,PHOTO,1.0,0.0,0.0,0.0,0.0
MTX202210023e,69,DRAW,DRAW_L,TEXT_T,LINE_P,LINE_T,1.0,0.0,0.0,0.0,0.0
MTX202210023e,70,DRAW,DRAW_L,PHOTO,TEXT_HW,TEXT_T,1.0,0.0,0.0,0.0,0.0
MTX202210023f,10,PHOTO,PHOTO_L,LINE_T,TEXT_HW,DRAW_L,1.0,0.0,0.0,0.0,0.0
MTX202210023f,11,PHOTO,TEXT_HW,LINE_T,DRAW_L,TEXT_T,1.0,0.0,0.0,0.0,0.0
MTX202210023f,12,PHOTO,PHOTO_L,LINE_T,TEXT_T,TEXT_HW,1.0,0.0,0.0,0.0,0.0
MTX202210023f,13,PHOTO,PHOTO_L,TEXT_HW,LINE_T,TEXT_T,1.0,0.0,0.0,0.0,0.0
MTX202210023f,14,PHOTO,TEXT_HW,DRAW_L,TEXT_T,LINE_T,1.0,0.0,0.0,0.0,0.0
MTX202210023f,15,PHOTO,TEXT_HW,DRAW_L,LINE_T,PHOTO_L,1.0,0.0,0.0,0.0,0.0
MTX202210023f,16,PHOTO,TEXT_HW,PHOTO_L,LINE_P,TEXT_T,1.0,0.0,0.0,0.0,0.0
MTX202210023f,17,PHOTO,PHOTO_L,LINE_T,DRAW_L,TEXT_HW,1.0,0.0,0.0,0.0,0.0
MTX202210023f,18,PHOTO,TEXT_HW,LINE_T,DRAW_L,TEXT_T,1.0,0.0,0.0,0.0,0.0
MTX202210023f,19,TEXT_HW,TEXT_T,TEXT,TEXT_P,PHOTO,0.886,0.073,0.038,0.002,0.001
MTX202210023f,20,PHOTO,TEXT_HW,LINE_T,DRAW_L,LINE_P,1.0,0.0,0.0,0.0,0.0
MTX202210023f,21,PHOTO,TEXT_HW,PHOTO_L,TEXT_T,LINE_T,1.0,0.0,0.0,0.0,0.0
MTX202210023f,22,PHOTO,TEXT_HW,LINE_T,DRAW_L,TEXT_T,1.0,0.0,0.0,0.0,0.0
MTX202210023f,23,PHOTO,PHOTO_L,TEXT_HW,TEXT_T,DRAW_L,1.0,0.0,0.0,0.0,0.0
MTX202210023f,24,PHOTO,LINE_T,LINE_P,DRAW_L,TEXT_HW,1.0,0.0,0.0,0.0,0.0
MTX202210023f,25,PHOTO,PHOTO_L,TEXT_T,LINE_T,TEXT_HW,1.0,0.0,0.0,0.0,0.0
MTX202210023f,26,TEXT_T,TEXT_HW,LINE_T,TEXT,PHOTO,0.997,0.002,0.0,0.0,0.0
MTX202210023f,27,PHOTO,DRAW,PHOTO_L,TEXT,TEXT_P,0.994,0.005,0.001,0.0,0.0
MTX202210023f,28,PHOTO,DRAW,PHOTO_L,TEXT,TEXT_P,0.999,0.001,0.0,0.0,0.0
MTX202210023f,29,PHOTO,DRAW,PHOTO_L,DRAW_L,LINE_T,0.996,0.003,0.0,0.0,0.0
MTX202210023f,30,PHOTO,DRAW,LINE_T,PHOTO_L,TEXT_P,1.0,0.0,0.0,0.0,0.0
MTX202210023f,31,PHOTO,DRAW,TEXT_P,PHOTO_L,LINE_T,1.0,0.0,0.0,0.0,0.0
MTX202210023f,32,PHOTO,DRAW,PHOTO_L,TEXT_P,TEXT_HW,1.0,0.0,0.0,0.0,0.0
MTX202210023f,33,PHOTO,DRAW,PHOTO_L,TEXT_P,TEXT_HW,1.0,0.0,0.0,0.0,0.0
MTX202210023f,34,PHOTO,DRAW,PHOTO_L,DRAW_L,TEXT_P,0.999,0.0,0.0,0.0,0.0
MTX202210023f,35,PHOTO,PHOTO_L,DRAW,TEXT_T,TEXT_P,1.0,0.0,0.0,0.0,0.0
MTX202210023f,36,PHOTO,DRAW_L,TEXT_T,TEXT,PHOTO_L,1.0,0.0,0.0,0.0,0.0
MTX202210023f,37,PHOTO,DRAW,PHOTO_L,DRAW_L,TEXT_T,1.0,0.0,0.0,0.0,0.0
MTX202210023f,38,PHOTO,DRAW,PHOTO_L,TEXT_P,TEXT,0.999,0.0,0.0,0.0,0.0
MTX202210023f,39,PHOTO,DRAW,TEXT_P,DRAW_L,TEXT_HW,1.0,0.0,0.0,0.0,0.0
MTX202210023f,40,PHOTO,PHOTO_L,DRAW,TEXT_HW,TEXT,1.0,0.0,0.0,0.0,0.0
MTX202210023f,41,PHOTO,DRAW,PHOTO_L,TEXT,TEXT_T,0.999,0.001,0.0,0.0,0.0
MTX202210023f,42,PHOTO,DRAW,PHOTO_L,TEXT_T,TEXT_P,0.999,0.001,0.0,0.0,0.0
MTX202210023f,43,PHOTO,DRAW,DRAW_L,LINE_T,PHOTO_L,1.0,0.0,0.0,0.0,0.0
MTX202210023f,44,PHOTO,DRAW,PHOTO_L,TEXT,TEXT_P,0.999,0.001,0.0,0.0,0.0
MTX202210023f,45,PHOTO,PHOTO_L,DRAW,TEXT,TEXT_P,0.999,0.0,0.0,0.0,0.0
MTX202210023f,46,PHOTO,DRAW,PHOTO_L,DRAW_L,TEXT_P,0.999,0.001,0.0,0.0,0.0
MTX202210023f,47,PHOTO,DRAW,PHOTO_L,DRAW_L,LINE_T,0.999,0.001,0.0,0.0,0.0
MTX202210023f,48,PHOTO,DRAW,PHOTO_L,TEXT,TEXT_T,0.999,0.0,0.0,0.0,0.0
MTX202210023f,49,PHOTO,DRAW,PHOTO_L,TEXT,TEXT_P,1.0,0.0,0.0,0.0,0.0
MTX202210023f,50,PHOTO,DRAW,PHOTO_L,TEXT_P,LINE_T,1.0,0.0,0.0,0.0,0.0
MTX202210023f,51,PHOTO,DRAW,PHOTO_L,TEXT_P,TEXT,0.999,0.001,0.0,0.0,0.0
MTX202210023f,52,PHOTO,PHOTO_L,TEXT_P,DRAW,TEXT_HW,1.0,0.0,0.0,0.0,0.0
MTX202210023f,53,PHOTO,DRAW,PHOTO_L,TEXT_P,DRAW_L,1.0,0.0,0.0,0.0,0.0
MTX202210023f,54,PHOTO,DRAW,PHOTO_L,TEXT_HW,DRAW_L,0.999,0.001,0.0,0.0,0.0
MTX202210023f,55,PHOTO,DRAW,PHOTO_L,TEXT_HW,TEXT_P,0.999,0.0,0.0,0.0,0.0
MTX202210023f,56,PHOTO,DRAW,PHOTO_L,TEXT_P,LINE_HW,0.996,0.002,0.001,0.0,0.0
MTX202210023f,57,PHOTO,PHOTO_L,DRAW,TEXT,TEXT_HW,0.998,0.001,0.0,0.0,0.0
MTX202210023f,58,PHOTO,PHOTO_L,DRAW,TEXT,TEXT_P,1.0,0.0,0.0,0.0,0.0
MTX202210023f,59,PHOTO,PHOTO_L,DRAW,LINE_T,TEXT_P,0.998,0.001,0.001,0.0,0.0
MTX202210023f,60,PHOTO,PHOTO_L,DRAW,TEXT_P,TEXT,0.999,0.001,0.0,0.0,0.0
MTX202210023f,61,PHOTO,DRAW,PHOTO_L,TEXT_P,TEXT,0.997,0.002,0.001,0.0,0.0
MTX202210023f,62,PHOTO,PHOTO_L,DRAW,TEXT_HW,TEXT_P,0.999,0.001,0.0,0.0,0.0
MTX202210023f,63,PHOTO,DRAW,PHOTO_L,TEXT_P,TEXT,0.999,0.001,0.0,0.0,0.0
MTX202210023f,64,PHOTO,PHOTO_L,DRAW,TEXT_P,TEXT_HW,0.999,0.0,0.0,0.0,0.0
MTX202210023f,65,PHOTO,PHOTO_L,DRAW,TEXT_P,TEXT_HW,0.998,0.001,0.001,0.0,0.0
MTX202210023f,66,PHOTO,DRAW,PHOTO_L,TEXT_P,LINE_T,1.0,0.0,0.0,0.0,0.0
MTX202210023f,67,PHOTO,DRAW,PHOTO_L,TEXT_HW,TEXT,0.991,0.006,0.002,0.0,0.0
MTX202210023f,68,PHOTO,PHOTO_L,DRAW,TEXT_P,TEXT_HW,0.994,0.004,0.002,0.0,0.0
MTX202210023f,69,PHOTO,DRAW,PHOTO_L,TEXT_P,TEXT_HW,0.999,0.0,0.0,0.0,0.0
MTX202210023f,70,PHOTO,DRAW,PHOTO_L,TEXT_P,DRAW_L,0.967,0.032,0.0,0.0,0.0
MTX202210023f,71,PHOTO,DRAW,PHOTO_L,TEXT_P,TEXT_HW,0.998,0.001,0.001,0.0,0.0
MTX202210023f,72,PHOTO,PHOTO_L,DRAW,TEXT_P,TEXT,0.999,0.001,0.0,0.0,0.0
MTX202210023f,73,PHOTO,DRAW,LINE_T,PHOTO_L,DRAW_L,1.0,0.0,0.0,0.0,0.0
MTX202210023f,74,PHOTO,DRAW,PHOTO_L,TEXT,TEXT_P,0.996,0.003,0.001,0.0,0.0
MTX202210023f,75,PHOTO,DRAW,PHOTO_L,TEXT_HW,TEXT,1.0,0.0,0.0,0.0,0.0
MTX202210023f,76,PHOTO,DRAW,TEXT_P,PHOTO_L,TEXT_T,0.999,0.0,0.0,0.0,0.0
MTX202210023f,77,PHOTO,DRAW,PHOTO_L,DRAW_L,TEXT_P,0.998,0.001,0.001,0.0,0.0
MTX202210023f,78,PHOTO,DRAW,DRAW_L,TEXT,TEXT_HW,1.0,0.0,0.0,0.0,0.0
MTX202210023f,79,DRAW,PHOTO,PHOTO_L,TEXT,TEXT_T,1.0,0.0,0.0,0.0,0.0
MTX202210023f,80,DRAW,PHOTO,LINE_T,TEXT_HW,LINE_HW,0.986,0.014,0.0,0.0,0.0
MTX202210023f,81,PHOTO,DRAW,PHOTO_L,DRAW_L,TEXT,0.571,0.418,0.008,0.001,0.001
MTX202210023g,10,DRAW,DRAW_L,LINE_T,TEXT_T,LINE_P,1.0,0.0,0.0,0.0,0.0
MTX202210023g,11,DRAW,DRAW_L,PHOTO,TEXT_T,LINE_T,1.0,0.0,0.0,0.0,0.0
MTX202210023g,12,DRAW,DRAW_L,TEXT_T,LINE_P,LINE_T,1.0,0.0,0.0,0.0,0.0
MTX202210023g,13,DRAW,DRAW_L,TEXT_T,LINE_P,LINE_T,1.0,0.0,0.0,0.0,0.0
MTX202210023g,14,DRAW,DRAW_L,LINE_T,TEXT_T,TEXT_HW,1.0,0.0,0.0,0.0,0.0
MTX202210023g,15,DRAW,TEXT_HW,DRAW_L,LINE_T,TEXT_T,0.999,0.0,0.0,0.0,0.0
MTX202210023g,16,DRAW,DRAW_L,TEXT_T,LINE_T,LINE_P,1.0,0.0,0.0,0.0,0.0
MTX202210023g,17,DRAW,DRAW_L,TEXT,TEXT_T,TEXT_HW,1.0,0.0,0.0,0.0,0.0
MTX202210023g,18,DRAW,TEXT,DRAW_L,TEXT_T,LINE_T,1.0,0.0,0.0,0.0,0.0
MTX202210023g,19,DRAW,TEXT_T,TEXT_HW,PHOTO,DRAW_L,0.999,0.001,0.0,0.0,0.0
MTX202210023g,20,DRAW,DRAW_L,TEXT_T,TEXT_HW,LINE_T,1.0,0.0,0.0,0.0,0.0
MTX202210023g,21,DRAW,TEXT_HW,TEXT,TEXT_T,PHOTO,0.999,0.0,0.0,0.0,0.0
MTX202210023g,22,DRAW,DRAW_L,TEXT_T,LINE_T,PHOTO_L,1.0,0.0,0.0,0.0,0.0
MTX202210023g,23,DRAW,TEXT_T,LINE_T,DRAW_L,LINE_P,1.0,0.0,0.0,0.0,0.0
MTX202210023g,24,DRAW,DRAW_L,TEXT_T,LINE_T,LINE_P,1.0,0.0,0.0,0.0,0.0
MTX202210023g,25,DRAW,DRAW_L,LINE_T,TEXT,LINE_P,1.0,0.0,0.0,0.0,0.0
MTX202210023g,26,DRAW,LINE_HW,PHOTO,TEXT,TEXT_HW,0.995,0.003,0.001,0.001,0.001
MTX202210023g,27,DRAW,DRAW_L,TEXT_T,LINE_T,LINE_P,1.0,0.0,0.0,0.0,0.0
MTX202210023g,28,DRAW,LINE_HW,TEXT_HW,LINE_T,TEXT_T,1.0,0.0,0.0,0.0,0.0
MTX202210023g,29,DRAW,DRAW_L,TEXT,TEXT_T,LINE_P,1.0,0.0,0.0,0.0,0.0
MTX202210033,10,LINE_HW,LINE_P,TEXT,LINE_T,PHOTO_L,1.0,0.0,0.0,0.0,0.0
MTX202210033,11,LINE_HW,LINE_P,PHOTO_L,TEXT,DRAW,1.0,0.0,0.0,0.0,0.0
MTX202210033,12,LINE_HW,TEXT,DRAW,LINE_P,TEXT_HW,0.995,0.002,0.001,0.001,0.001
MTX202210033,13,LINE_HW,TEXT,DRAW,LINE_P,TEXT_HW,0.998,0.001,0.001,0.0,0.0
MTX202210033,14,LINE_HW,LINE_P,DRAW,TEXT,PHOTO_L,0.999,0.0,0.0,0.0,0.0
MTX202210033,15,TEXT_T,TEXT_HW,TEXT,DRAW,LINE_T,0.434,0.331,0.16,0.047,0.028
MTX202210033,16,LINE_HW,LINE_P,LINE_T,TEXT,DRAW,1.0,0.0,0.0,0.0,0.0
MTX202210033,17,LINE_HW,LINE_P,LINE_T,PHOTO_L,DRAW,1.0,0.0,0.0,0.0,0.0
MTX202210033,18,LINE_HW,LINE_T,LINE_P,TEXT,DRAW,0.948,0.047,0.003,0.002,0.001
MTX202210033,19,LINE_HW,LINE_P,LINE_T,DRAW,PHOTO_L,1.0,0.0,0.0,0.0,0.0
MTX202210033,20,TEXT_T,TEXT_HW,LINE_T,TEXT,DRAW,0.537,0.262,0.073,0.064,0.064
MTX202210033,21,LINE_HW,LINE_P,PHOTO_L,DRAW,DRAW_L,1.0,0.0,0.0,0.0,0.0
MTX202210033,22,LINE_HW,DRAW,LINE_P,PHOTO_L,LINE_T,1.0,0.0,0.0,0.0,0.0
MTX202210033,23,TEXT_T,TEXT_HW,TEXT,DRAW,LINE_T,0.424,0.357,0.164,0.03,0.025
MTX202210033,24,LINE_HW,LINE_P,TEXT,DRAW,DRAW_L,1.0,0.0,0.0,0.0,0.0
MTX202210033,25,LINE_HW,LINE_P,LINE_T,DRAW,TEXT,1.0,0.0,0.0,0.0,0.0
MTX202210033,26,LINE_HW,LINE_P,LINE_T,DRAW,TEXT,1.0,0.0,0.0,0.0,0.0
MTX202210033,27,LINE_HW,LINE_P,LINE_T,DRAW,PHOTO_L,1.0,0.0,0.0,0.0,0.0
MTX202210033,28,TEXT_HW,TEXT,TEXT_T,DRAW,LINE_T,0.489,0.258,0.138,0.102,0.012
MTX202210033,29,LINE_HW,DRAW,LINE_P,PHOTO_L,DRAW_L,1.0,0.0,0.0,0.0,0.0
MTX202210033,30,TEXT_T,TEXT_HW,DRAW,TEXT,LINE_T,0.574,0.276,0.068,0.061,0.02
MTX202210033,31,LINE_HW,DRAW,PHOTO_L,DRAW_L,LINE_P,1.0,0.0,0.0,0.0,0.0
MTX202210033,32,LINE_HW,LINE_P,DRAW,LINE_T,TEXT,0.997,0.002,0.0,0.0,0.0
MTX202210033,33,TEXT_HW,TEXT_T,TEXT,LINE_T,DRAW,0.403,0.401,0.149,0.025,0.022
MTX202210033,34,LINE_HW,LINE_P,DRAW,PHOTO_L,LINE_T,1.0,0.0,0.0,0.0,0.0
MTX202210033,35,DRAW,LINE_HW,LINE_T,DRAW_L,TEXT,0.989,0.007,0.002,0.001,0.001
MTX202210033,36,LINE_HW,DRAW,TEXT,TEXT_HW,DRAW_L,0.996,0.003,0.0,0.0,0.0
MTX202210033,37,DRAW,PHOTO,TEXT_T,DRAW_L,TEXT_HW,0.998,0.001,0.001,0.0,0.0
MTX202210033,38,DRAW,TEXT,TEXT_HW,TEXT_T,TEXT_P,0.98,0.01,0.007,0.002,0.001
MTX202210033,39,DRAW,TEXT_T,TEXT,TEXT_HW,TEXT_P,1.0,0.0,0.0,0.0,0.0
MTX202210033,40,TEXT_T,TEXT_P,TEXT_HW,TEXT,DRAW,0.981,0.009,0.009,0.001,0.0
MTX202210033,41,TEXT_HW,TEXT_T,DRAW,TEXT,LINE_HW,0.975,0.022,0.001,0.001,0.001
MTX202210033,42,DRAW,TEXT_HW,DRAW_L,TEXT_T,LINE_T,1.0,0.0,0.0,0.0,0.0
MTX202210033,43,TEXT_HW,TEXT_T,DRAW,LINE_HW,TEXT,0.997,0.001,0.001,0.0,0.0
MTX202210033,44,TEXT_HW,TEXT_T,TEXT,DRAW,LINE_HW,0.999,0.0,0.0,0.0,0.0
MTX202210033,45,DRAW,DRAW_L,TEXT_T,TEXT_HW,LINE_P,1.0,0.0,0.0,0.0,0.0
MTX202210033,46,DRAW,TEXT_T,DRAW_L,TEXT_HW,LINE_P,1.0,0.0,0.0,0.0,0.0
MTX202210033,47,DRAW,PHOTO,TEXT_HW,TEXT,PHOTO_L,1.0,0.0,0.0,0.0,0.0
MTX202210033,48,DRAW,TEXT_HW,TEXT_T,PHOTO_L,LINE_T,1.0,0.0,0.0,0.0,0.0
MTX202210035,10,PHOTO,DRAW,PHOTO_L,TEXT,TEXT_T,0.944,0.052,0.002,0.001,0.001
MTX202210035,11,PHOTO,DRAW,PHOTO_L,TEXT_T,LINE_P,0.99,0.009,0.0,0.0,0.0
MTX202300013,10,PHOTO,TEXT_P,TEXT,TEXT_HW,LINE_P,1.0,0.0,0.0,0.0,0.0
MTX202300013,11,PHOTO,LINE_T,TEXT_T,TEXT_HW,LINE_P,1.0,0.0,0.0,0.0,0.0
MTX202300013,12,PHOTO,TEXT_P,TEXT,DRAW,PHOTO_L,1.0,0.0,0.0,0.0,0.0
MTX202300013,14,LINE_P,LINE_T,TEXT_P,PHOTO,TEXT,0.998,0.001,0.001,0.0,0.0
MTX202300013,15,PHOTO,DRAW,TEXT_P,PHOTO_L,TEXT_T,1.0,0.0,0.0,0.0,0.0
MTX202300013,16,PHOTO,TEXT,TEXT_P,LINE_T,DRAW,1.0,0.0,0.0,0.0,0.0
MTX202300013,17,PHOTO,PHOTO_L,TEXT_T,TEXT_P,LINE_T,1.0,0.0,0.0,0.0,0.0
MTX202300013,18,PHOTO,TEXT_P,DRAW,TEXT,TEXT_T,1.0,0.0,0.0,0.0,0.0
MTX202300013,19,TEXT_P,TEXT_HW,DRAW_L,LINE_HW,TEXT_T,1.0,0.0,0.0,0.0,0.0
MTX202300556,10,TEXT_P,TEXT_T,TEXT_HW,LINE_T,PHOTO,0.997,0.003,0.0,0.0,0.0
MTX202300556,11,PHOTO,DRAW,DRAW_L,TEXT_HW,LINE_T,1.0,0.0,0.0,0.0,0.0
MTX202300556,12,DRAW,DRAW_L,TEXT_P,LINE_P,LINE_T,1.0,0.0,0.0,0.0,0.0
MTX202300556,13,DRAW,PHOTO,DRAW_L,TEXT_HW,TEXT,0.695,0.303,0.001,0.001,0.0
MTX202300556,14,PHOTO,DRAW_L,LINE_P,TEXT_HW,DRAW,1.0,0.0,0.0,0.0,0.0
MTX202300556,15,PHOTO,DRAW,DRAW_L,LINE_T,LINE_P,1.0,0.0,0.0,0.0,0.0
MTX202300556,16,PHOTO,TEXT_T,LINE_P,TEXT_HW,LINE_T,1.0,0.0,0.0,0.0,0.0
MTX202300556,17,PHOTO,LINE_T,TEXT_HW,LINE_P,PHOTO_L,1.0,0.0,0.0,0.0,0.0
MTX202300556,18,PHOTO,TEXT_HW,TEXT_T,DRAW_L,LINE_T,1.0,0.0,0.0,0.0,0.0
MTX202300556,19,PHOTO,LINE_P,TEXT_HW,DRAW,DRAW_L,1.0,0.0,0.0,0.0,0.0
MTX202300556,20,PHOTO,TEXT,DRAW,TEXT_P,PHOTO_L,0.91,0.039,0.033,0.01,0.008
MTX202300556,21,PHOTO,TEXT,PHOTO_L,DRAW,TEXT_P,0.564,0.336,0.074,0.014,0.012
MTX202300556,22,DRAW,DRAW_L,LINE_P,TEXT,LINE_T,1.0,0.0,0.0,0.0,0.0
MTX202300556,23,PHOTO,PHOTO_L,LINE_T,TEXT_T,DRAW,1.0,0.0,0.0,0.0,0.0
MTX202300556,24,PHOTO,TEXT_HW,TEXT,PHOTO_L,LINE_T,1.0,0.0,0.0,0.0,0.0
MTX202300556,25,PHOTO,DRAW_L,LINE_P,DRAW,LINE_T,1.0,0.0,0.0,0.0,0.0
MTX202300556,26,PHOTO,PHOTO_L,LINE_P,TEXT,TEXT_P,1.0,0.0,0.0,0.0,0.0
MTX202300587,1,TEXT_P,LINE_T,LINE_P,DRAW,TEXT_HW,1.0,0.0,0.0,0.0,0.0
MTX202300587,2,DRAW,PHOTO,DRAW_L,TEXT,LINE_P,0.778,0.219,0.002,0.001,0.001
MTX202420001,2,DRAW,TEXT_P,LINE_P,TEXT,TEXT_HW,0.781,0.163,0.023,0.02,0.014
MTX202420001,3,TEXT_P,DRAW,LINE_P,TEXT,PHOTO_L,1.0,0.0,0.0,0.0,0.0
MTX202420001,4,PHOTO,TEXT,TEXT_P,DRAW,PHOTO_L,0.999,0.0,0.0,0.0,0.0
MTX202420001,5,LINE_P,LINE_T,TEXT_P,DRAW,TEXT,0.977,0.014,0.004,0.003,0.002
MTX202420001,6,PHOTO,DRAW,TEXT_P,PHOTO_L,DRAW_L,0.999,0.0,0.0,0.0,0.0
MTX202420001,7,PHOTO,TEXT,DRAW,TEXT_HW,DRAW_L,0.998,0.001,0.0,0.0,0.0
MTX202420001,8,PHOTO,DRAW,DRAW_L,TEXT_P,PHOTO_L,1.0,0.0,0.0,0.0,0.0
P009_00261,10,DRAW,DRAW_L,TEXT_T,LINE_T,PHOTO,1.0,0.0,0.0,0.0,0.0
P009_00261,11,PHOTO,DRAW_L,TEXT_T,PHOTO_L,TEXT,1.0,0.0,0.0,0.0,0.0
P009_00261,12,PHOTO,DRAW_L,TEXT_T,PHOTO_L,TEXT,1.0,0.0,0.0,0.0,0.0
P009_00261,13,TEXT_T,TEXT_HW,TEXT,TEXT_P,LINE_P,1.0,0.0,0.0,0.0,0.0
P009_00262,10,TEXT,TEXT_T,TEXT_P,LINE_T,DRAW,0.999,0.0,0.0,0.0,0.0
P009_00270,1,TEXT_HW,TEXT,TEXT_T,LINE_T,PHOTO,0.779,0.207,0.01,0.004,0.001
P009_00270,2,TEXT_HW,DRAW,TEXT,TEXT_T,LINE_T,0.999,0.0,0.0,0.0,0.0
P009_00270,3,TEXT,TEXT_HW,TEXT_T,LINE_HW,LINE_T,0.702,0.284,0.005,0.005,0.004
P009_00270,4,TEXT_HW,TEXT_T,TEXT,LINE_T,LINE_HW,0.999,0.001,0.0,0.0,0.0
P009_00270,5,TEXT_HW,TEXT_T,TEXT,LINE_T,PHOTO,0.999,0.0,0.0,0.0,0.0
P009_00270,6,DRAW,TEXT_T,TEXT_HW,DRAW_L,PHOTO,0.999,0.0,0.0,0.0,0.0
P043_00001_004,10,TEXT_HW,TEXT_T,LINE_HW,TEXT,DRAW,1.0,0.0,0.0,0.0,0.0
P043_00001_004,11,TEXT_HW,LINE_HW,TEXT,TEXT_T,DRAW,0.999,0.0,0.0,0.0,0.0
P043_00001_009,1,TEXT_HW,TEXT_T,TEXT,LINE_T,DRAW,1.0,0.0,0.0,0.0,0.0
P043_00001_009,2,TEXT_HW,TEXT_T,LINE_T,TEXT,DRAW,1.0,0.0,0.0,0.0,0.0
P043_00001_041,1,TEXT_HW,TEXT,TEXT_T,PHOTO,DRAW,1.0,0.0,0.0,0.0,0.0
P043_00001_041,2,TEXT_HW,TEXT_T,TEXT,PHOTO,LINE_HW,0.999,0.0,0.0,0.0,0.0
P043_00001_041,3,TEXT_HW,TEXT_T,TEXT,PHOTO,LINE_T,0.999,0.0,0.0,0.0,0.0
P043_00001_041,4,TEXT_HW,TEXT_T,TEXT,PHOTO,DRAW,0.999,0.0,0.0,0.0,0.0
P043_00001_059,10,PHOTO,DRAW,TEXT_HW,TEXT_T,TEXT,0.999,0.0,0.0,0.0,0.0
P043_00001_059,11,TEXT_HW,TEXT,TEXT_T,DRAW,PHOTO,0.997,0.001,0.001,0.001,0.0
P043_00001_059,12,PHOTO,TEXT_HW,PHOTO_L,TEXT_T,LINE_HW,0.999,0.0,0.0,0.0,0.0
P043_00001_059,13,DRAW,TEXT_HW,PHOTO,TEXT,TEXT_T,0.987,0.006,0.004,0.001,0.001
P043_00001_059,14,PHOTO,TEXT_HW,DRAW,TEXT_T,DRAW_L,0.998,0.001,0.001,0.0,0.0
P043_00001_059,15,TEXT_HW,TEXT,DRAW,TEXT_T,LINE_T,1.0,0.0,0.0,0.0,0.0
P043_00001_059,16,PHOTO,DRAW,TEXT_HW,TEXT_T,PHOTO_L,0.999,0.0,0.0,0.0,0.0
P043_00001_059,17,TEXT_HW,DRAW,TEXT,TEXT_T,PHOTO,0.996,0.002,0.001,0.001,0.0
P043_00002_003,1,TEXT,TEXT_T,TEXT_HW,LINE_HW,DRAW,0.999,0.001,0.0,0.0,0.0
P043_00002_003,2,TEXT,LINE_T,LINE_P,TEXT_P,LINE_HW,0.835,0.078,0.047,0.027,0.014
P043_00002_003,3,LINE_T,DRAW,TEXT_T,LINE_P,TEXT_P,0.562,0.262,0.073,0.062,0.041
P043_00002_003,4,TEXT_P,TEXT_T,LINE_T,TEXT,TEXT_HW,0.984,0.01,0.003,0.002,0.002
P043_00002_003,5,TEXT_T,TEXT_P,PHOTO,TEXT,DRAW,0.988,0.011,0.001,0.0,0.0
P043_00002_003,6,TEXT_T,TEXT_P,PHOTO,TEXT,PHOTO_L,1.0,0.0,0.0,0.0,0.0
P043_00002_003,7,TEXT_T,TEXT_P,TEXT,TEXT_HW,DRAW,0.657,0.337,0.004,0.002,0.001
P043_00002_003,8,TEXT_HW,TEXT_T,TEXT,PHOTO,TEXT_P,0.999,0.0,0.0,0.0,0.0
P043_00002_014,10,DRAW,DRAW_L,PHOTO,PHOTO_L,TEXT_T,1.0,0.0,0.0,0.0,0.0
P043_00002_014,11,TEXT_HW,LINE_HW,TEXT,TEXT_T,DRAW,0.999,0.0,0.0,0.0,0.0
P043_00002_014,12,TEXT_HW,TEXT,LINE_HW,TEXT_T,PHOTO_L,0.999,0.0,0.0,0.0,0.0
P043_00002_014,13,TEXT_HW,LINE_HW,TEXT,DRAW,LINE_T,0.999,0.0,0.0,0.0,0.0
P043_00002_014,14,LINE_HW,TEXT_HW,TEXT,DRAW,PHOTO,0.911,0.087,0.001,0.001,0.001
P043_00002_014,15,TEXT_HW,LINE_HW,TEXT,DRAW,PHOTO,0.999,0.0,0.0,0.0,0.0
P043_00002_014,16,TEXT_HW,LINE_HW,TEXT,DRAW,TEXT_T,0.999,0.0,0.0,0.0,0.0
P043_00002_014,17,TEXT_HW,LINE_HW,TEXT,DRAW,TEXT_T,0.998,0.001,0.0,0.0,0.0
P043_00002_014,18,TEXT_HW,TEXT,DRAW,LINE_HW,TEXT_T,0.597,0.364,0.021,0.011,0.007
