FILE,PAGE,V1.3,V2.3,V3.3,V5.3,V4.3,CLASS-1,SCORE-1,CLASS-2,SCORE-2,CLASS-3,SCORE-3
MTX194500371,1,TEXT,TEXT,TEXT,TEXT,TEXT,TEXT,0.9564,DRAW,0.043,DRAW_L,0.0006000000000000001
MTX194600414,1,TEXT,TEXT,DRAW,TEXT,TEXT,TEXT,0.8196,DRAW,0.17600000000000002,PHOTO,0.003
MTX194601246,1,TEXT,TEXT,TEXT,TEXT,TEXT,TEXT,1.0,,,,
MTX194602237,3,PHOTO,PHOTO,PHOTO,PHOTO,PHOTO,PHOTO,0.993,TEXT,0.0048000000000000004,TEXT_T,0.0018
MTX194700001,29,TEXT_T,TEXT_T,TEXT_T,TEXT_T,TEXT_T,TEXT_T,0.9586,TEXT_P,0.039,LINE_T,0.0021999999999999997
MTX194700785,1,TEXT,TEXT,TEXT,TEXT,TEXT,TEXT,0.9982,DRAW_L,0.0018,,
MTX194701568,2,TEXT,TEXT,TEXT,TEXT,TEXT,TEXT,1.0,,,,
MTX194800116,1,LINE_T,DRAW_L,LINE_T,LINE_T,LINE_T,LINE_T,0.8907999999999999,DRAW_L,0.10840000000000001,LINE_HW,0.0008
MTX194800797,1,LINE_T,DRAW_L,LINE_T,LINE_T,LINE_T,LINE_T,0.8009999999999999,DRAW_L,0.1988,LINE_HW,0.0004
MTX194900017,276,DRAW,DRAW,DRAW,DRAW,DRAW,DRAW,1.0,,,,
MTX195000322,5,TEXT_T,TEXT_T,TEXT,TEXT,TEXT_T,TEXT_T,0.7468,TEXT,0.25220000000000004,TEXT_P,0.0012000000000000001
MTX195000880,5,TEXT_P,TEXT_T,TEXT_T,TEXT_T,TEXT_T,TEXT_T,0.7964,TEXT_P,0.2008,TEXT_HW,0.0018000000000000002
MTX195001226,21,LINE_T,LINE_T,LINE_T,LINE_T,LINE_T,LINE_T,1.0,,,,
MTX195100035,32,TEXT_T,TEXT_T,TEXT_T,TEXT_T,TEXT_T,TEXT_T,0.9987999999999999,TEXT,0.0008,,
MTX195100601,3,TEXT_T,TEXT_T,TEXT_T,TEXT_T,TEXT_T,TEXT_T,0.9942,TEXT,0.0054,TEXT_P,0.0002
MTX195101054,1,LINE_T,LINE_T,LINE_T,LINE_T,LINE_T,LINE_T,0.9996,LINE_HW,0.0004,LINE_P,0.0002
MTX195200757,1,LINE_T,LINE_T,LINE_T,LINE_T,LINE_T,LINE_T,0.9904,LINE_HW,0.004,TEXT,0.003
MTX195300912,2,TEXT_T,TEXT_T,TEXT_T,TEXT_T,TEXT_T,TEXT_T,0.9955999999999999,TEXT,0.0042,LINE_T,0.0002
MTX195400945,23,PHOTO_L,PHOTO_L,PHOTO_L,PHOTO_L,PHOTO_L,PHOTO_L,1.0,,,,
MTX195401664,282,PHOTO,PHOTO,PHOTO,PHOTO,PHOTO,PHOTO,0.9968,DRAW,0.0032,,
MTX195500767,1,TEXT,TEXT,TEXT,TEXT,TEXT,TEXT,0.9347999999999999,DRAW_L,0.064,LINE_HW,0.0012000000000000001
MTX195600086,37,PHOTO,PHOTO,PHOTO,PHOTO,PHOTO,PHOTO,1.0,,,,
MTX195701080,16,TEXT_T,TEXT_T,TEXT_T,TEXT_T,TEXT_T,TEXT_T,0.9986,TEXT_P,0.0006000000000000001,TEXT,0.0004
MTX195800294,2,TEXT,TEXT_T,TEXT,TEXT_T,TEXT,TEXT,0.5048,TEXT_T,0.49380000000000007,TEXT_P,0.0014
MTX195802237,17,LINE_T,TEXT_T,TEXT_T,TEXT_T,TEXT_T,TEXT_T,0.8622,LINE_T,0.10980000000000001,TEXT_P,0.027600000000000003
MTX195901352,11,TEXT_T,TEXT_T,TEXT_T,TEXT_T,TEXT_T,TEXT_T,0.9964000000000001,LINE_T,0.0036,,
MTX195902963,3,TEXT_T,TEXT_T,TEXT_T,TEXT_T,TEXT_T,TEXT_T,0.9974000000000001,TEXT,0.0016,TEXT_P,0.001
MTX195904165,4,TEXT,TEXT_T,TEXT,TEXT_T,TEXT,TEXT,0.6277999999999999,TEXT_T,0.37060000000000004,DRAW,0.0014
MTX196000288,3,LINE_T,TEXT_T,TEXT_T,TEXT_T,TEXT_T,TEXT_T,0.7596,LINE_T,0.2008,TEXT,0.039400000000000004
MTX196001423,2,TEXT,TEXT_T,TEXT,TEXT_T,TEXT,TEXT,0.6388,TEXT_T,0.35760000000000003,TEXT_P,0.0028
MTX196002537,1,TEXT,TEXT,TEXT,TEXT,TEXT,TEXT,1.0,,,,
MTX196003846,5,TEXT_T,TEXT_T,TEXT_T,TEXT_T,TEXT_T,TEXT_T,0.9826,TEXT,0.016800000000000002,TEXT_P,0.0004
MTX196100884,51,DRAW,DRAW,DRAW,DRAW,DRAW,DRAW,0.9969999999999999,DRAW_L,0.0012000000000000001,TEXT_T,0.001
MTX196101839,4,TEXT_P,TEXT_T,TEXT_T,TEXT_T,TEXT_T,TEXT_T,0.8048,TEXT_P,0.1944,TEXT,0.0006000000000000001
MTX196200445,7,TEXT_T,TEXT_T,TEXT_T,TEXT_T,TEXT_T,TEXT_T,0.9984,TEXT_P,0.0008,TEXT,0.0004
MTX196202246,124,TEXT_T,TEXT_T,TEXT_T,TEXT_T,TEXT_T,TEXT_T,0.9997999999999999,TEXT,0.0002,,
MTX196202445,4,TEXT_T,TEXT_T,TEXT_T,TEXT_T,TEXT_T,TEXT_T,1.0,,,,
MTX196302383,4,DRAW,DRAW,DRAW,DRAW,DRAW,DRAW,1.0,,,,
MTX196402233,119,TEXT,TEXT,TEXT,TEXT,TEXT_HW,TEXT,0.7038,TEXT_HW,0.2886,DRAW,0.0076
MTX196402692a,58,PHOTO,PHOTO,PHOTO,PHOTO,PHOTO,PHOTO,0.9996,DRAW,0.0002,PHOTO_L,0.0002
MTX196501225,21,DRAW,DRAW,DRAW,DRAW,DRAW,DRAW,0.9984,DRAW_L,0.001,TEXT,0.0002
MTX196600014a,165,DRAW,PHOTO,TEXT,TEXT,TEXT,TEXT,0.48040000000000005,DRAW,0.2082,PHOTO,0.2064
MTX196600324,134,LINE_T,TEXT_T,TEXT_T,TEXT_T,LINE_T,TEXT_T,0.6963999999999999,LINE_T,0.3036,TEXT,0.0002
MTX196601613,6,TEXT_T,TEXT_T,TEXT_P,TEXT_P,TEXT_T,TEXT_P,0.488,TEXT_T,0.4486,LINE_P,0.055600000000000004
MTX196700249,96,PHOTO,PHOTO,PHOTO,PHOTO,PHOTO,PHOTO,1.0,,,,
MTX196701428,77,DRAW,DRAW,DRAW,DRAW,DRAW,DRAW,1.0,,,,
MTX196701845,4,TEXT_T,TEXT_T,TEXT_T,TEXT_T,TEXT_T,TEXT_T,0.9992000000000001,TEXT_P,0.0008,,
MTX196801709,77,PHOTO,PHOTO,PHOTO,PHOTO,PHOTO,PHOTO,0.9996,DRAW,0.0004,,
MTX196801974,240,PHOTO,PHOTO,PHOTO,PHOTO,PHOTO,PHOTO,0.9922000000000001,DRAW,0.0076,,
MTX196901115,116,DRAW,DRAW,DRAW,DRAW,DRAW,DRAW,0.9992000000000001,DRAW_L,0.0008,,
MTX196902440,38,TEXT_T,TEXT_T,TEXT_T,TEXT_T,TEXT_T,TEXT_T,1.0,,,,
MTX196902716a,9,DRAW,DRAW,DRAW,DRAW,DRAW,DRAW,0.984,TEXT,0.014600000000000002,TEXT_T,0.001
MTX196902799a,152,TEXT_HW,TEXT_HW,TEXT_HW,DRAW,TEXT_HW,TEXT_HW,0.7898,DRAW,0.20939999999999998,TEXT,0.0006000000000000001
MTX196902801,115,TEXT_T,TEXT_T,TEXT_T,TEXT_T,TEXT_T,TEXT_T,0.9955999999999999,LINE_T,0.0036000000000000003,TEXT,0.001
MTX197000049,55,PHOTO,PHOTO,PHOTO,PHOTO,PHOTO,PHOTO,1.0,,,,
MTX197001271,8,TEXT_T,TEXT_T,TEXT_T,TEXT_T,TEXT_T,TEXT_T,0.9725999999999999,TEXT,0.0268,LINE_T,0.0002
MTX197003041,56,TEXT_T,TEXT_T,TEXT_T,TEXT_T,TEXT_T,TEXT_T,1.0,,,,
MTX197101517,216,DRAW,DRAW,DRAW,DRAW,DRAW,DRAW,0.999,PHOTO,0.0004,TEXT,0.0004
MTX197102112,2,TEXT_T,TEXT_T,TEXT_T,TEXT_T,TEXT_T,TEXT_T,0.9997999999999999,,,,
MTX197102281,26,TEXT_T,TEXT_T,TEXT_T,TEXT_T,TEXT_T,TEXT_T,0.9826,TEXT,0.0164,TEXT_P,0.0008
MTX197200145,15,TEXT_T,TEXT_T,TEXT_T,TEXT_T,TEXT_T,TEXT_T,0.9994,TEXT,0.0004,,
MTX197200475,225,TEXT_T,TEXT_T,TEXT_T,TEXT_T,TEXT_T,TEXT_T,0.9698,TEXT,0.017,TEXT_P,0.0132
MTX197201066,98,TEXT_T,TEXT_T,TEXT_T,TEXT_T,TEXT_T,TEXT_T,0.9738,TEXT_P,0.026000000000000002,TEXT,0.0002
MTX197201928,154,PHOTO,PHOTO,PHOTO,PHOTO,PHOTO,PHOTO,1.0,,,,
MTX197202075,118,TEXT_T,TEXT_T,TEXT_T,TEXT_T,TEXT_T,TEXT_T,0.9968,TEXT,0.003,,
MTX197202075b,253,PHOTO,PHOTO,PHOTO,PHOTO,PHOTO,PHOTO,1.0,,,,
MTX197300386,73,TEXT_T,TEXT_P,TEXT_T,TEXT_T,TEXT_T,TEXT_T,0.8785999999999999,TEXT_P,0.12079999999999999,TEXT,0.0004
MTX197301727,159,DRAW,PHOTO,PHOTO,PHOTO,PHOTO,PHOTO,0.7996000000000001,DRAW,0.2004,,
MTX197302469a,87,PHOTO,PHOTO,PHOTO,PHOTO,PHOTO,PHOTO,1.0,,,,
MTX197302638,15,TEXT_T,TEXT_T,TEXT_T,TEXT_T,TEXT_T,TEXT_T,0.9960000000000001,TEXT_P,0.0038,TEXT,0.0002
MTX197400069,824,DRAW,DRAW,DRAW,DRAW,DRAW,DRAW,1.0,,,,
MTX197401698,5,TEXT_T,TEXT_T,TEXT_T,TEXT_T,TEXT,TEXT_T,0.8826,TEXT,0.1136,TEXT_P,0.0038000000000000004
MTX197402691,62,TEXT_T,TEXT_T,TEXT_T,TEXT_T,TEXT_T,TEXT_T,1.0,,,,
MTX197500360,16,TEXT_T,TEXT_T,TEXT_T,TEXT_T,TEXT_T,TEXT_T,0.9994,TEXT_P,0.0004,TEXT,0.0002
MTX197500983b,98,DRAW,DRAW,DRAW,DRAW,DRAW,DRAW,1.0,,,,
MTX197501771,37,TEXT_T,TEXT_T,TEXT_T,TEXT_T,TEXT_T,TEXT_T,0.9841999999999999,TEXT,0.0156,TEXT_P,0.0004
MTX197600855,6,TEXT_T,TEXT_T,TEXT_T,TEXT_T,TEXT_T,TEXT_T,0.8994,TEXT_P,0.0998,TEXT,0.0002
MTX197601190,132,TEXT_T,TEXT_T,TEXT_T,TEXT_T,TEXT,TEXT_T,0.8078,TEXT,0.19219999999999998,,
MTX197602348,119,DRAW,DRAW,DRAW,DRAW,DRAW,DRAW,1.0,,,,
MTX197700297,60,DRAW,DRAW,DRAW,DRAW,DRAW,DRAW,1.0,,,,
MTX197700748a,229,DRAW,DRAW,DRAW,DRAW,DRAW,DRAW,1.0,,,,
MTX197701348,47,DRAW,DRAW,DRAW,DRAW,DRAW,DRAW,1.0,,,,
MTX197701981,107,DRAW,DRAW,DRAW,DRAW,DRAW,DRAW,1.0,,,,
MTX197702102,26,TEXT_T,TEXT_T,TEXT_T,TEXT_T,TEXT_T,TEXT_T,0.9743999999999999,TEXT,0.0218,TEXT_P,0.0036
MTX197800804b,72,DRAW,DRAW,DRAW,DRAW,DRAW,DRAW,1.0,,,,
MTX197801815,83,TEXT_T,TEXT_T,TEXT_T,TEXT_T,TEXT_T,TEXT_T,0.9974000000000001,TEXT,0.0024000000000000002,LINE_T,0.0002
MTX197801896,136,TEXT_T,TEXT_T,TEXT_T,TEXT_T,TEXT_T,TEXT_T,0.9974000000000001,TEXT_P,0.0021999999999999997,TEXT,0.0002
MTX197900097,5,TEXT_T,TEXT_T,TEXT_T,TEXT_T,TEXT_T,TEXT_T,1.0,,,,
MTX197900647,213,DRAW,DRAW,DRAW,DRAW,DRAW,DRAW,1.0,,,,
MTX197901806,20,DRAW,DRAW,DRAW,DRAW,DRAW,DRAW,0.9433999999999999,PHOTO_L,0.053000000000000005,PHOTO,0.0026
MTX197902085,149,TEXT_T,TEXT_T,TEXT_T,TEXT_T,TEXT_T,TEXT_T,1.0,,,,
MTX198000272,163,DRAW,DRAW,DRAW,DRAW,DRAW,DRAW,0.999,DRAW_L,0.0008,,
MTX198000786,35,DRAW,DRAW,DRAW,DRAW,DRAW,DRAW,1.0,,,,
MTX198001740,12,DRAW,DRAW,DRAW,DRAW,DRAW,DRAW,0.9997999999999999,,,,
MTX198001789,323,DRAW,DRAW,DRAW,DRAW,DRAW,DRAW,0.9998000000000001,DRAW_L,0.0002,,
MTX198101135,57,TEXT_T,TEXT_T,TEXT_T,TEXT_T,TEXT_T,TEXT_T,0.9991999999999999,TEXT,0.0004,TEXT_P,0.0004
MTX198101596,717,TEXT_T,LINE_T,TEXT_T,TEXT_T,TEXT_T,TEXT_T,0.8652,LINE_T,0.13279999999999997,LINE_P,0.0021999999999999997
MTX198200329,58,TEXT_T,TEXT_T,TEXT_T,TEXT_T,TEXT_T,TEXT_T,0.9978,TEXT_P,0.0016,TEXT,0.0002
MTX198201177,2,TEXT,TEXT,TEXT,TEXT,TEXT,TEXT,0.7944,TEXT_T,0.20220000000000002,DRAW,0.002
MTX198300325,29,DRAW,DRAW,DRAW,DRAW,DRAW,DRAW,0.9996,TEXT_T,0.0002,,
MTX198300465,160,DRAW,DRAW,DRAW,DRAW,DRAW,DRAW,1.0,,,,
MTX198301333,30,LINE_T,LINE_T,LINE_T,LINE_T,LINE_T,LINE_T,0.905,TEXT_T,0.09,TEXT,0.0036
MTX198400065,23,TEXT_T,TEXT_T,TEXT_T,TEXT_T,TEXT_T,TEXT_T,0.9975999999999999,TEXT,0.0018000000000000002,LINE_T,0.0008
MTX198401242,340,PHOTO,PHOTO,PHOTO,PHOTO,PHOTO,PHOTO,0.999,DRAW,0.0008,,
MTX198401561,384,DRAW,DRAW,DRAW,DRAW,DRAW,DRAW,1.0,,,,
MTX198500607,168,PHOTO,PHOTO,PHOTO,PHOTO,PHOTO,PHOTO,0.9969999999999999,TEXT,0.0024000000000000002,PHOTO_L,0.0006000000000000001
MTX198501579a,118,DRAW,DRAW,DRAW,DRAW,DRAW,DRAW,0.999,DRAW_L,0.0006000000000000001,TEXT_T,0.0006000000000000001
MTX198501580,494,TEXT_HW,TEXT_HW,TEXT_HW,TEXT_HW,TEXT_HW,TEXT_HW,0.959,DRAW,0.0248,LINE_HW,0.0164
MTX198501581b,334,TEXT_HW,TEXT_HW,TEXT_HW,TEXT_HW,DRAW,TEXT_HW,0.8725999999999999,DRAW,0.11000000000000001,LINE_HW,0.017
MTX198501597,1,DRAW,DRAW,DRAW,DRAW,DRAW,DRAW,0.9996,DRAW_L,0.0004,,
MTX198501973,43,TEXT_T,TEXT_T,TEXT_T,TEXT_T,TEXT_T,TEXT_T,0.9994,TEXT,0.0006000000000000001,,
MTX198600126,442,TEXT_T,TEXT_T,TEXT_T,TEXT_T,TEXT_T,TEXT_T,0.9996,TEXT,0.0002,TEXT_P,0.0002
MTX198600459,1,LINE_T,LINE_T,LINE_T,LINE_T,LINE_T,LINE_T,0.9992000000000001,LINE_HW,0.0008,,
MTX198700167,91,DRAW,DRAW,DRAW,DRAW,DRAW,DRAW,0.9994,PHOTO,0.0004,TEXT_T,0.0002
MTX198700938a,156,DRAW,DRAW,DRAW,DRAW,DRAW,DRAW,1.0,,,,
MTX198701429,7,TEXT_T,TEXT_T,TEXT_T,TEXT_T,TEXT_T,TEXT_T,0.9998000000000001,,,,
MTX198701536b,36,PHOTO,PHOTO,PHOTO,PHOTO,PHOTO,PHOTO,0.999,DRAW,0.0008,TEXT_P,0.0002
MTX198800374,21,TEXT_T,TEXT_T,TEXT_T,TEXT_T,TEXT_T,TEXT_T,0.9960000000000001,TEXT_P,0.0034000000000000002,TEXT,0.0006000000000000001
MTX198800750,298,DRAW,DRAW,PHOTO,DRAW,DRAW,DRAW,0.8688,PHOTO,0.1306,DRAW_L,0.0006000000000000001
MTX198801706,316,DRAW,DRAW,DRAW,DRAW,DRAW,DRAW,1.0,,,,
MTX198901150,11,TEXT_T,TEXT_T,TEXT_T,TEXT_T,TEXT_T,TEXT_T,0.899,TEXT,0.101,,
MTX198901466,2,TEXT,TEXT,TEXT_T,TEXT,TEXT,TEXT,0.7928,TEXT_T,0.20659999999999998,TEXT_P,0.0004
MTX199000167,3,LINE_T,LINE_P,TEXT_T,TEXT_T,TEXT_T,TEXT_T,0.5492,LINE_T,0.3224,LINE_P,0.12840000000000001
MTX199000421,18,PHOTO,PHOTO,PHOTO,PHOTO,PHOTO,PHOTO,1.0,,,,
MTX199000929,58,LINE_T,LINE_T,TEXT_T,TEXT_T,LINE_T,LINE_T,0.6912,TEXT_T,0.3056,LINE_P,0.0034000000000000002
MTX199001504b,85,DRAW,DRAW,DRAW,DRAW,DRAW,DRAW,0.9982,PHOTO,0.0014,TEXT_T,0.0004
MTX199001699,5,TEXT_T,TEXT_T,TEXT_T,TEXT_T,TEXT_T,TEXT_T,1.0,,,,
MTX199100182,57,TEXT_T,TEXT_T,TEXT_T,TEXT_T,TEXT_T,TEXT_T,0.9865999999999999,TEXT,0.012,LINE_T,0.0012000000000000001
MTX199100250b,61,DRAW,DRAW,DRAW,DRAW,DRAW,DRAW,0.9987999999999999,PHOTO_L,0.001,LINE_T,0.0002
MTX199100456,207,DRAW,PHOTO,PHOTO,PHOTO,PHOTO,PHOTO,0.8198000000000001,DRAW,0.1802,,
MTX199100877b,6,PHOTO,PHOTO,PHOTO,PHOTO,PHOTO,PHOTO,0.9994,DRAW,0.0004,,
MTX199100993,72,TEXT_T,TEXT_T,TEXT_T,TEXT_T,TEXT_T,TEXT_T,0.983,TEXT,0.017,,
MTX199101374,144,PHOTO,PHOTO,PHOTO,PHOTO,PHOTO,PHOTO,1.0,,,,
MTX199200083,12,TEXT_T,TEXT_T,TEXT_T,TEXT_P,TEXT_P,TEXT_T,0.6352,TEXT_P,0.3422,TEXT_HW,0.019
MTX199200453a,59,TEXT_T,TEXT_T,TEXT_T,TEXT_T,TEXT_T,TEXT_T,0.9948,TEXT,0.003,TEXT_P,0.0024000000000000002
MTX199201156,39,LINE_P,LINE_P,LINE_T,LINE_T,LINE_T,LINE_T,0.5398,LINE_P,0.418,LINE_HW,0.041800000000000004
MTX199201450,278,PHOTO,PHOTO,PHOTO,PHOTO,PHOTO,PHOTO,1.0,,,,
MTX199300031,20,TEXT,TEXT,TEXT,TEXT,TEXT,TEXT,0.977,TEXT_T,0.023,,
MTX199300609,90,TEXT_T,TEXT_T,TEXT_T,TEXT_T,TEXT_T,TEXT_T,1.0,,,,
MTX199400046,149,DRAW,DRAW,DRAW,DRAW,DRAW,DRAW,1.0,,,,
MTX199400464,64,DRAW,DRAW,DRAW,DRAW,DRAW,DRAW,1.0,,,,
MTX199400508,23,TEXT_T,TEXT_P,TEXT_P,TEXT_P,TEXT_P,TEXT_P,0.869,TEXT_T,0.1296,TEXT,0.0012000000000000001
MTX199400522a,593,PHOTO,PHOTO,PHOTO,PHOTO,PHOTO,PHOTO,1.0,,,,
MTX199400534,30,LINE_P,LINE_P,LINE_P,LINE_P,LINE_P,LINE_P,0.9656,LINE_T,0.030000000000000006,LINE_HW,0.0038000000000000004
MTX199500407,78,DRAW,DRAW,DRAW,DRAW,DRAW,DRAW,0.9997999999999999,DRAW_L,0.0002,,
MTX199500956,3,LINE_HW,LINE_HW,LINE_T,LINE_T,LINE_HW,LINE_HW,0.49779999999999996,LINE_T,0.49379999999999996,LINE_P,0.0082
MTX199600832,4,DRAW,DRAW,DRAW,DRAW,DRAW,DRAW,1.0,,,,
MTX199700250,137,LINE_P,LINE_P,LINE_P,LINE_P,LINE_P,LINE_P,0.9414,DRAW,0.054200000000000005,TEXT_P,0.0044
MTX199700453a,183,DRAW,DRAW,DRAW,DRAW,DRAW,DRAW,1.0,,,,
MTX199700849,488,TEXT_P,TEXT_P,TEXT_P,TEXT_P,TEXT_P,TEXT_P,0.999,DRAW,0.0002,LINE_P,0.0002
MTX199800290,7,DRAW,DRAW,DRAW,DRAW,DRAW,DRAW,0.9998000000000001,,,,
MTX199800736,55,TEXT_P,LINE_P,LINE_P,LINE_P,TEXT_P,LINE_P,0.5398,TEXT_P,0.46020000000000005,DRAW_L,0.0002
MTX199801044,4,TEXT_P,TEXT_P,TEXT_P,TEXT_P,TEXT_P,TEXT_P,1.0,,,,
MTX199900029,1,TEXT,TEXT,LINE_T,LINE_T,TEXT,TEXT,0.5192,LINE_T,0.4488,LINE_P,0.0294
MTX199900307,51,LINE_P,LINE_P,LINE_P,LINE_P,LINE_P,LINE_P,1.0,,,,
MTX199900647,6,TEXT_P,TEXT_P,TEXT_P,TEXT_P,TEXT_P,TEXT_P,1.0,,,,
MTX199901607,44,TEXT_T,TEXT,TEXT,TEXT,TEXT,TEXT,0.8984,TEXT_T,0.0998,LINE_T,0.0018
MTX200000517,98,PHOTO,PHOTO,PHOTO,PHOTO,PHOTO,PHOTO,1.0,,,,
MTX200001051,26,TEXT_P,LINE_P,TEXT_P,LINE_P,TEXT_P,TEXT_P,0.6374,LINE_P,0.3624,TEXT,0.0004
MTX200001712,5,TEXT_P,TEXT_P,TEXT_P,TEXT_P,LINE_P,TEXT_P,0.8119999999999999,LINE_P,0.1766,LINE_T,0.011199999999999998
MTX200100419,147,TEXT_T,TEXT_T,TEXT_T,TEXT_T,TEXT_T,TEXT_T,0.9997999999999999,TEXT_P,0.0002,,
MTX200100797,157,DRAW,DRAW,DRAW,DRAW,DRAW,DRAW,0.9996,DRAW_L,0.0002,,
MTX200101394,54,DRAW,DRAW,DRAW,DRAW,DRAW,DRAW,0.9996,TEXT,0.0004,,
MTX200200073,124,LINE_P,LINE_P,LINE_P,LINE_P,LINE_P,LINE_P,1.0,,,,
MTX200200445,60,DRAW,DRAW,DRAW,DRAW,DRAW,DRAW,1.0,,,,
MTX200201047,16,DRAW,DRAW,DRAW,DRAW,DRAW,DRAW,1.0,,,,
MTX200201368,33,DRAW,DRAW,DRAW,DRAW,DRAW,DRAW,1.0,,,,
MTX200202396,26,LINE_P,LINE_P,LINE_P,LINE_P,LINE_P,LINE_P,1.0,,,,
MTX200300445,2,LINE_HW,LINE_HW,LINE_HW,LINE_HW,LINE_HW,LINE_HW,0.9513999999999999,LINE_T,0.048,TEXT,0.0006000000000000001
MTX200300587,261,LINE_P,LINE_P,LINE_P,LINE_P,LINE_P,LINE_P,1.0,,,,
MTX200300587,1261,LINE_P,LINE_P,LINE_P,LINE_P,LINE_P,LINE_P,0.9998000000000001,,,,
MTX200300587,2261,DRAW,DRAW,DRAW,DRAW,DRAW,DRAW,1.0,,,,
MTX200300812,2,LINE_HW,LINE_T,LINE_T,LINE_HW,LINE_HW,LINE_HW,0.5078,LINE_T,0.4808,LINE_P,0.0094
MTX200301807,34,LINE_P,LINE_P,LINE_P,LINE_P,LINE_P,LINE_P,1.0,,,,
MTX200400114,9,LINE_P,LINE_P,LINE_P,LINE_P,LINE_P,LINE_P,0.9996,LINE_HW,0.0002,,
MTX200400400a,204,TEXT_T,TEXT_HW,DRAW,DRAW,TEXT_T,DRAW,0.356,TEXT_T,0.3432,TEXT_HW,0.1972
MTX200400401a,179,TEXT_T,TEXT_T,TEXT_T,TEXT_T,TEXT_T,TEXT_T,0.9997999999999999,,,,
MTX200400538,1,LINE_P,LINE_P,LINE_P,LINE_P,LINE_P,LINE_P,0.9998000000000001,LINE_T,0.0002,,
MTX200401458,16,TEXT_P,TEXT_P,LINE_P,TEXT_P,TEXT_P,TEXT_P,0.8315999999999999,LINE_P,0.16519999999999999,LINE_T,0.0021999999999999997
MTX200401658,122,TEXT_P,TEXT_P,TEXT_P,TEXT_P,TEXT_P,TEXT_P,1.0,,,,
MTX200401675,6,PHOTO,PHOTO,PHOTO,PHOTO,PHOTO,PHOTO,0.9278000000000001,DRAW,0.072,DRAW_L,0.0002
MTX200401706,9,TEXT_P,TEXT_P,TEXT_P,TEXT_P,TEXT_P,TEXT_P,1.0,,,,
MTX200401801,334,LINE_P,LINE_P,LINE_P,LINE_P,LINE_P,LINE_P,1.0,,,,
MTX200401801,1334,DRAW,DRAW,DRAW,DRAW,DRAW,DRAW,0.9991999999999999,DRAW_L,0.0006000000000000001,,
MTX200401849,26,DRAW,DRAW,DRAW,DRAW,DRAW,DRAW,1.0,,,,
MTX200401865,378,LINE_P,LINE_P,LINE_P,LINE_P,LINE_P,LINE_P,0.9997999999999999,TEXT_P,0.0002,,
MTX200401912,4,LINE_T,LINE_T,LINE_T,LINE_T,LINE_T,LINE_T,0.9268000000000001,LINE_HW,0.067,LINE_P,0.0054
MTX200402912,11,TEXT_P,TEXT_P,TEXT_P,TEXT_P,TEXT_P,TEXT_P,1.0,,,,
MTX200500073,11,TEXT_P,TEXT_P,TEXT_P,TEXT_P,TEXT_P,TEXT_P,1.0,,,,
MTX200500291,246,DRAW,DRAW,DRAW,DRAW,DRAW,DRAW,1.0,,,,
MTX200500472,1,LINE_P,LINE_P,LINE_P,LINE_P,LINE_P,LINE_P,0.9965999999999999,LINE_T,0.0032,LINE_HW,0.0002
MTX200501019,1,LINE_HW,LINE_HW,LINE_HW,LINE_HW,LINE_HW,LINE_HW,0.9996,LINE_T,0.0002,,
MTX200501517,40,PHOTO,PHOTO,PHOTO,PHOTO,PHOTO,PHOTO,1.0,,,,
MTX200501531,5,TEXT_P,TEXT_P,TEXT_P,TEXT_P,TEXT_P,TEXT_P,0.9994,LINE_P,0.0006000000000000001,,
MTX200501540,18,LINE_P,LINE_P,LINE_P,LINE_P,LINE_P,LINE_P,0.9952,DRAW,0.004399999999999999,TEXT_P,0.0002
MTX200501547,85,LINE_P,LINE_P,LINE_P,LINE_P,LINE_P,LINE_P,0.9998000000000001,TEXT_P,0.0002,,
MTX200502407,42,DRAW,DRAW,DRAW,DRAW,DRAW,DRAW,1.0,,,,
MTX200502456,40,TEXT,DRAW,DRAW,DRAW,DRAW,DRAW,0.8001999999999999,TEXT,0.1982,TEXT_HW,0.0014
MTX200502894,7,TEXT_P,TEXT_P,TEXT_P,TEXT_P,TEXT_P,TEXT_P,1.0,,,,
MTX200503537,13,LINE_P,LINE_P,LINE_P,LINE_P,LINE_P,LINE_P,0.9994,LINE_HW,0.0002,LINE_T,0.0002
MTX200600039,11,PHOTO,PHOTO,PHOTO,PHOTO,PHOTO,PHOTO,1.0,,,,
MTX200600086b,68,PHOTO,PHOTO,PHOTO,PHOTO,PHOTO,PHOTO,0.9960000000000001,DRAW,0.0034000000000000002,DRAW_L,0.0004
MTX200600086d,13,TEXT_P,TEXT_P,TEXT_P,TEXT_P,TEXT_P,TEXT_P,1.0,,,,
MTX200600093,10,LINE_P,LINE_P,LINE_P,LINE_P,LINE_P,LINE_P,0.9789999999999999,TEXT_P,0.020800000000000003,,
MTX200600096b,79,LINE_P,LINE_P,LINE_P,LINE_P,LINE_P,LINE_P,0.9984,TEXT_P,0.0016,,
MTX200600102,6,TEXT_P,TEXT_P,TEXT_P,TEXT_P,TEXT_P,TEXT_P,1.0,,,,
MTX200600128,70,LINE_P,LINE_P,LINE_P,LINE_P,LINE_P,LINE_P,1.0,,,,
MTX200600574,1,LINE_P,LINE_P,LINE_P,LINE_P,LINE_P,LINE_P,0.999,LINE_T,0.001,,
MTX200601627,1,LINE_P,LINE_P,LINE_P,LINE_P,LINE_P,LINE_P,0.999,LINE_T,0.001,,
MTX200602109,164,TEXT_P,LINE_P,TEXT_P,LINE_P,TEXT_P,TEXT_P,0.5696,LINE_P,0.43019999999999997,LINE_T,0.0002
MTX200602116,113,DRAW,DRAW,DRAW,DRAW,DRAW,DRAW,1.0,,,,
MTX200603563,5,TEXT_P,TEXT_P,TEXT_P,TEXT_P,TEXT_P,TEXT_P,1.0,,,,
MTX200700141b,137,PHOTO,PHOTO,PHOTO,PHOTO,PHOTO,PHOTO,1.0,,,,
MTX200700143c,89,DRAW_L,DRAW_L,DRAW,DRAW_L,DRAW_L,DRAW_L,0.8284,DRAW,0.1714,LINE_HW,0.0002
MTX200700149,124,LINE_P,LINE_P,LINE_P,LINE_P,LINE_P,LINE_P,1.0,,,,
MTX200700244,35,PHOTO,PHOTO,PHOTO,PHOTO,PHOTO,PHOTO,1.0,,,,
MTX200700851,1,LINE_P,LINE_P,LINE_P,LINE_P,LINE_P,LINE_P,0.9991999999999999,LINE_T,0.0008,,
MTX200702073,134,TEXT_P,TEXT_P,TEXT_P,TEXT_P,TEXT_P,TEXT_P,1.0,,,,
MTX200702088,54,PHOTO,PHOTO,PHOTO,PHOTO,PHOTO,PHOTO,0.9998000000000001,DRAW,0.0002,,
MTX200702108,258,LINE_P,LINE_P,LINE_P,LINE_P,LINE_P,LINE_P,1.0,,,,
MTX200702141,68,TEXT_P,TEXT_P,TEXT_P,TEXT_P,TEXT_P,TEXT_P,1.0,,,,
MTX200702619,154,TEXT_P,TEXT_P,TEXT_P,TEXT_P,TEXT_P,TEXT_P,1.0,,,,
MTX200702621a,81,LINE_P,LINE_P,LINE_P,LINE_P,LINE_P,LINE_P,0.998,TEXT_P,0.0019999999999999996,,
MTX200702621b,375,DRAW,DRAW,DRAW,DRAW,DRAW,DRAW,1.0,,,,
MTX200703034,1,LINE_P,LINE_HW,LINE_HW,LINE_HW,LINE_HW,LINE_HW,0.8,LINE_P,0.1998,,
MTX200704021,2,TEXT_P,TEXT_P,TEXT_P,TEXT_P,TEXT_P,TEXT_P,0.9962,TEXT,0.0026,TEXT_T,0.0006000000000000001
MTX200800066,56,LINE_P,LINE_P,LINE_P,LINE_P,LINE_P,LINE_P,1.0,,,,
MTX200800735,94,LINE_P,LINE_P,LINE_P,LINE_P,LINE_P,LINE_P,1.0,,,,
MTX200800738,718,DRAW,DRAW,DRAW,DRAW,DRAW,DRAW,1.0,,,,
MTX200801100,108,LINE_P,LINE_P,LINE_P,LINE_P,LINE_P,LINE_P,1.0,,,,
MTX200801102a,179,LINE_P,LINE_P,LINE_P,LINE_P,TEXT_P,LINE_P,0.6854,TEXT_P,0.3142,LINE_T,0.0002
MTX200801112,81,LINE_P,LINE_P,LINE_P,LINE_P,LINE_P,LINE_P,0.9997999999999999,TEXT_P,0.0002,,
MTX200802022,1,LINE_P,LINE_P,LINE_P,LINE_P,LINE_P,LINE_P,1.0,,,,
MTX200803070,13,TEXT_P,TEXT,TEXT_P,TEXT,TEXT_P,TEXT_P,0.6836,TEXT,0.28200000000000003,TEXT_T,0.0342
MTX200803221b,51,LINE_P,LINE_P,LINE_P,LINE_P,LINE_P,LINE_P,0.9998000000000001,TEXT_P,0.0002,,
MTX200803238,14,LINE_P,LINE_P,LINE_P,LINE_P,LINE_P,LINE_P,0.99,TEXT_P,0.01,,
MTX200803250,138,PHOTO,PHOTO,PHOTO,PHOTO,PHOTO,PHOTO,1.0,,,,
MTX200803261,149,PHOTO,PHOTO,PHOTO,PHOTO,PHOTO,PHOTO,1.0,,,,
MTX200803290,31,TEXT_P,TEXT_P,TEXT_P,TEXT_P,TEXT_P,TEXT_P,0.9996,TEXT_HW,0.0002,,
MTX200804139,5,TEXT_P,TEXT_P,TEXT_P,TEXT_P,TEXT_P,TEXT_P,1.0,,,,
MTX200804145,98,LINE_P,LINE_P,LINE_P,LINE_P,LINE_P,LINE_P,0.9996,TEXT_P,0.0004,,
MTX200804150,95,PHOTO,PHOTO,PHOTO,PHOTO,PHOTO,PHOTO,1.0,,,,
MTX200900097,4,TEXT_P,TEXT_P,TEXT_P,TEXT_P,TEXT_P,TEXT_P,0.9948,LINE_P,0.0036000000000000003,DRAW,0.0008
MTX200900559,2,LINE_P,LINE_P,LINE_P,LINE_P,LINE_P,LINE_P,0.9693999999999999,LINE_T,0.019200000000000002,LINE_HW,0.0112
MTX200900969,4,LINE_P,LINE_P,LINE_P,LINE_P,LINE_P,LINE_P,0.9705999999999999,LINE_HW,0.0242,LINE_T,0.0046
MTX200901652,54,DRAW,DRAW,DRAW,DRAW,DRAW,DRAW,1.0,,,,
MTX200901944,859,DRAW,DRAW,DRAW,DRAW,DRAW,DRAW,0.999,DRAW_L,0.0008,PHOTO,0.0004
MTX200902119,4,TEXT,LINE_P,LINE_P,TEXT_P,LINE_P,LINE_P,0.6126,TEXT,0.2774,TEXT_P,0.0956
MTX200902976,14,TEXT_P,TEXT_P,TEXT_P,TEXT_P,TEXT_P,TEXT_P,0.9986,TEXT,0.0014,,
MTX200902987,130,LINE_P,LINE_P,LINE_P,LINE_P,LINE_P,LINE_P,0.9996,LINE_T,0.0002,TEXT_P,0.0002
MTX200902990,186,LINE_P,LINE_P,LINE_P,LINE_P,LINE_P,LINE_P,0.9998000000000001,TEXT_P,0.0002,,
MTX200903791,6,TEXT_P,TEXT_P,TEXT_P,TEXT_P,TEXT_P,TEXT_P,1.0,,,,
MTX200904040,257,PHOTO,PHOTO,PHOTO,PHOTO,PHOTO,PHOTO,1.0,,,,
MTX200904044,107,TEXT_P,TEXT_T,TEXT_T,TEXT_P,TEXT_P,TEXT_P,0.522,TEXT_T,0.4766,TEXT,0.0014
MTX200904057a,269,LINE_P,TEXT_P,LINE_P,LINE_P,LINE_P,LINE_P,0.8039999999999999,TEXT_P,0.1958,DRAW,0.0002
MTX200904967,1,LINE_P,LINE_P,LINE_P,LINE_P,LINE_P,LINE_P,0.9279999999999999,LINE_T,0.07139999999999999,LINE_HW,0.0004
MTX200905960,115,DRAW,PHOTO,PHOTO,PHOTO,PHOTO,PHOTO,0.8058,DRAW,0.1896,TEXT_HW,0.004399999999999999
MTX200906631,2,LINE_P,LINE_P,LINE_P,LINE_P,LINE_P,LINE_P,0.9975999999999999,LINE_T,0.002,LINE_HW,0.0002
MTX201000399,11,TEXT_P,TEXT_P,TEXT_P,TEXT_P,TEXT_P,TEXT_P,1.0,,,,
MTX201000753,38,PHOTO,PHOTO,PHOTO,PHOTO,PHOTO,PHOTO,1.0,,,,
MTX201001385,130,LINE_P,LINE_P,LINE_P,LINE_P,LINE_P,LINE_P,1.0,,,,
MTX201001392,36,PHOTO,PHOTO,PHOTO,PHOTO,PHOTO,PHOTO,1.0,,,,
MTX201001396,242,PHOTO,PHOTO,PHOTO,PHOTO,PHOTO,PHOTO,1.0,,,,
MTX201001397b,135,DRAW_L,DRAW_L,DRAW,DRAW,DRAW_L,DRAW_L,0.5858000000000001,DRAW,0.4142,,
MTX201001818,2,LINE_P,LINE_P,LINE_P,LINE_P,LINE_P,LINE_P,0.999,LINE_T,0.0006000000000000001,,
MTX201001858,18,LINE_P,DRAW_L,DRAW_L,DRAW_L,LINE_P,DRAW_L,0.5006,LINE_P,0.3802,DRAW,0.11779999999999999
MTX201002187,1,LINE_P,LINE_P,LINE_P,LINE_P,LINE_P,LINE_P,0.9385999999999999,LINE_T,0.0612,TEXT,0.0002
MTX201003370,28,TEXT_HW,TEXT_HW,TEXT_HW,TEXT_HW,TEXT_HW,TEXT_HW,1.0,,,,
MTX201004343,42,PHOTO,PHOTO,PHOTO,PHOTO,PHOTO,PHOTO,0.9998000000000001,DRAW,0.0002,,
MTX201004357,287,LINE_P,LINE_P,LINE_P,LINE_P,LINE_P,LINE_P,1.0,,,,
MTX201004899,4,LINE_P,LINE_P,LINE_P,LINE_P,LINE_P,LINE_P,0.9994,TEXT_P,0.0006000000000000001,,
MTX201100445,202,DRAW,DRAW,DRAW,DRAW,DRAW,DRAW,1.0,,,,
MTX201100864,104,DRAW,DRAW,DRAW,DRAW,DRAW,DRAW,1.0,,,,
MTX201101128,23,DRAW,DRAW,DRAW,DRAW,DRAW,DRAW,1.0,,,,
MTX201101196,12,PHOTO,PHOTO,PHOTO,PHOTO,PHOTO,PHOTO,1.0,,,,
MTX201101719,551,LINE_P,LINE_P,LINE_P,LINE_P,LINE_P,LINE_P,1.0,,,,
MTX201103251,1,TEXT,TEXT,TEXT,TEXT,TEXT,TEXT,0.9994,DRAW,0.0002,LINE_T,0.0002
MTX201103605,9,LINE_P,LINE_P,LINE_P,LINE_P,TEXT_P,LINE_P,0.8672000000000001,TEXT_P,0.1328,,
MTX201103614,444,DRAW,DRAW,DRAW,DRAW,DRAW,DRAW,1.0,,,,
MTX201103630,245,PHOTO,PHOTO,PHOTO,PHOTO,PHOTO,PHOTO,0.9982,PHOTO_L,0.0018000000000000002,,
MTX201104580,18,PHOTO,PHOTO,PHOTO,PHOTO,PHOTO,PHOTO,0.9994,PHOTO_L,0.0004,TEXT,0.0002
MTX201200420,67,TEXT_P,TEXT_P,TEXT_P,TEXT_P,TEXT_P,TEXT_P,0.9374,LINE_P,0.0606,TEXT_HW,0.0008
MTX201200469,20,TEXT_P,TEXT_P,TEXT_P,TEXT_P,TEXT_P,TEXT_P,1.0,,,,
MTX201201723,7,PHOTO,PHOTO,PHOTO,PHOTO,PHOTO,PHOTO,1.0,,,,
MTX201202496,59,PHOTO,PHOTO,PHOTO,PHOTO,PHOTO,PHOTO,1.0,,,,
MTX201204231,41,LINE_P,LINE_P,LINE_P,LINE_P,LINE_P,LINE_P,1.0,,,,
MTX201204828,87,PHOTO,PHOTO,PHOTO,PHOTO,PHOTO,PHOTO,1.0,,,,
MTX201204833,174,TEXT_P,TEXT_P,TEXT_P,TEXT_P,TEXT_P,TEXT_P,1.0,,,,
MTX201204839,288,PHOTO,PHOTO,PHOTO,PHOTO,PHOTO,PHOTO,1.0,,,,
MTX201204849,70,DRAW,DRAW,DRAW,DRAW,DRAW,DRAW,1.0,,,,
MTX201204862,147,DRAW_L,DRAW_L,DRAW,DRAW_L,DRAW_L,DRAW_L,0.8488,DRAW,0.151,LINE_HW,0.0002
MTX201205148,135,TEXT_P,TEXT_P,TEXT_P,TEXT_P,TEXT_P,TEXT_P,1.0,,,,
MTX201300163,1,LINE_P,LINE_P,LINE_P,LINE_P,LINE_P,LINE_P,0.9964000000000001,LINE_T,0.0032,LINE_HW,0.0002
MTX201300368,542,DRAW,DRAW,DRAW,DRAW,DRAW,DRAW,0.9640000000000001,LINE_P,0.0324,DRAW_L,0.0036000000000000003
MTX201300907,23,DRAW_L,DRAW_L,DRAW_L,DRAW_L,DRAW_L,DRAW_L,1.0,,,,
MTX201301653,15,DRAW,DRAW,DRAW,DRAW,DRAW,DRAW,0.9655999999999999,DRAW_L,0.023,PHOTO,0.0114
MTX201303313,42,LINE_P,LINE_P,LINE_P,LINE_P,LINE_P,LINE_P,1.0,,,,
MTX201304853,15,PHOTO,PHOTO,PHOTO,PHOTO,PHOTO,PHOTO,1.0,,,,
MTX201400108,2,LINE_P,LINE_P,LINE_P,LINE_P,LINE_P,LINE_P,0.9996,LINE_T,0.0002,,
MTX201400599,1,LINE_P,LINE_P,LINE_P,LINE_P,LINE_P,LINE_P,1.0,,,,
MTX201400798,14,PHOTO,PHOTO,PHOTO,PHOTO,DRAW,PHOTO,0.7404,DRAW,0.25939999999999996,,
MTX201401554,138,LINE_P,LINE_P,LINE_P,LINE_P,LINE_P,LINE_P,1.0,,,,
MTX201401561,539,PHOTO,PHOTO,PHOTO,PHOTO,PHOTO,PHOTO,0.9978,PHOTO_L,0.0014,DRAW,0.0006000000000000001
MTX201401933,1,LINE_P,LINE_P,LINE_P,LINE_P,LINE_P,LINE_P,0.9996,LINE_T,0.0004,,
MTX201403688,1,LINE_P,LINE_P,LINE_P,LINE_P,LINE_P,LINE_P,0.9987999999999999,LINE_T,0.001,,
MTX201405062,44,PHOTO,PHOTO,PHOTO,PHOTO,PHOTO,PHOTO,1.0,,,,
MTX201501238,1,LINE_P,LINE_P,LINE_P,LINE_P,LINE_P,LINE_P,0.909,LINE_T,0.0908,,
MTX201501309,173,TEXT_P,TEXT_P,LINE_P,TEXT_P,LINE_P,TEXT_P,0.5264,LINE_P,0.4734,,
MTX201501326,1,PHOTO,PHOTO,PHOTO,PHOTO,PHOTO,PHOTO,0.9984,DRAW,0.0014,,
MTX201502851,17,PHOTO,PHOTO,PHOTO,PHOTO,PHOTO,PHOTO,1.0,,,,
MTX201503709,26,PHOTO,PHOTO,PHOTO,PHOTO,PHOTO,PHOTO,1.0,,,,
MTX201504019,532,LINE_P,LINE_P,LINE_P,LINE_P,LINE_P,LINE_P,0.9996,TEXT_P,0.0004,,
MTX201504673,3,TEXT_P,TEXT_P,TEXT_P,TEXT_P,TEXT_P,TEXT_P,0.993,TEXT,0.003999999999999999,TEXT_T,0.003
MTX201505005,40,DRAW,DRAW,DRAW,DRAW,DRAW,DRAW,1.0,,,,
MTX201505275,28,PHOTO,PHOTO,PHOTO,PHOTO,PHOTO,PHOTO,1.0,,,,
MTX201600169,65,LINE_P,LINE_P,LINE_P,LINE_P,LINE_P,LINE_P,1.0,,,,
MTX201600519,157,LINE_HW,LINE_HW,LINE_HW,LINE_HW,LINE_HW,LINE_HW,0.9986,DRAW,0.0014,,
MTX201600587,43,LINE_P,LINE_P,LINE_P,LINE_P,LINE_P,LINE_P,1.0,,,,
MTX201600590,574,LINE_P,LINE_P,LINE_P,LINE_P,LINE_P,LINE_P,1.0,,,,
MTX201601371,44,TEXT_P,TEXT_P,TEXT_P,TEXT_P,TEXT_P,TEXT_P,1.0,,,,
MTX201601468,85,LINE_P,LINE_P,LINE_P,LINE_P,LINE_P,LINE_P,1.0,,,,
MTX201601586,43,DRAW,PHOTO,PHOTO,PHOTO,PHOTO,PHOTO,0.8046,DRAW,0.18380000000000002,PHOTO_L,0.0118
MTX201601597,345,LINE_P,LINE_P,LINE_P,LINE_P,LINE_P,LINE_P,1.0,,,,
MTX201601722,798,LINE_P,LINE_P,LINE_P,LINE_P,LINE_P,LINE_P,0.9997999999999999,DRAW,0.0002,,
MTX201601914b,34,PHOTO,PHOTO,PHOTO,PHOTO,PHOTO,PHOTO,1.0,,,,
MTX201601918,9,TEXT_T,TEXT_T,TEXT_T,TEXT_T,TEXT_T,TEXT_T,0.9936,TEXT,0.0062,,
MTX201602059,144,LINE_P,LINE_P,LINE_P,LINE_P,LINE_P,LINE_P,0.994,LINE_T,0.006,LINE_HW,0.0002
MTX201602069,112,PHOTO,PHOTO,PHOTO,PHOTO,PHOTO,PHOTO,1.0,,,,
MTX201602076,7,LINE_P,LINE_P,LINE_P,LINE_P,LINE_P,LINE_P,0.9958,LINE_T,0.0042,,
MTX201602119a,18,TEXT_P,TEXT_P,TEXT_P,TEXT_P,LINE_P,TEXT_P,0.767,LINE_P,0.2326,DRAW,0.0002
MTX201602139,59,DRAW,DRAW,DRAW,DRAW,DRAW,DRAW,1.0,,,,
MTX201602232,112,TEXT_P,TEXT_P,TEXT_P,TEXT_P,TEXT_P,TEXT_P,1.0,,,,
MTX201602233,259,DRAW,DRAW,DRAW,DRAW,DRAW,DRAW,0.9996,DRAW_L,0.0002,,
MTX201602237,25,TEXT_P,TEXT_P,TEXT_P,TEXT_P,TEXT_P,TEXT_P,1.0,,,,
MTX201602242,597,DRAW,DRAW,DRAW,DRAW,DRAW,DRAW,1.0,,,,
MTX201602246,20,PHOTO,PHOTO,PHOTO,PHOTO,PHOTO,PHOTO,1.0,,,,
MTX201602385b,64,PHOTO,PHOTO,PHOTO,PHOTO,PHOTO,PHOTO,1.0,,,,
MTX201602541,19,TEXT_P,TEXT_P,TEXT_P,TEXT_P,TEXT_P,TEXT_P,1.0,,,,
MTX201602626,30,DRAW,PHOTO,PHOTO,PHOTO,DRAW,DRAW,0.509,PHOTO,0.4828,TEXT_P,0.008
MTX201602684,17,PHOTO,PHOTO,PHOTO,PHOTO,PHOTO,PHOTO,1.0,,,,
MTX201602909,242,DRAW,DRAW,DRAW,DRAW,DRAW,DRAW,1.0,,,,
MTX201602926,148,PHOTO,PHOTO,PHOTO,PHOTO,PHOTO,PHOTO,1.0,,,,
MTX201603040,74,DRAW,DRAW,DRAW,DRAW,DRAW,DRAW,0.9922000000000001,PHOTO,0.007000000000000001,DRAW_L,0.0008
MTX201603220,274,TEXT_HW,TEXT_HW,TEXT_HW,TEXT_HW,TEXT_HW,TEXT_HW,0.9972,TEXT,0.0014,DRAW,0.0008
MTX201603363,26,DRAW_L,DRAW_L,DRAW_L,DRAW_L,DRAW_L,DRAW_L,1.0,,,,
MTX201603507,17,TEXT_P,LINE_P,LINE_P,TEXT_P,TEXT_P,TEXT_P,0.5810000000000001,LINE_P,0.41879999999999995,,
MTX201604183,12,TEXT_P,TEXT_P,TEXT_P,TEXT_P,TEXT_P,TEXT_P,0.9987999999999999,TEXT_T,0.001,LINE_P,0.0002
MTX201604333,12,PHOTO,PHOTO,PHOTO,PHOTO,PHOTO,PHOTO,1.0,,,,
MTX201604986,483,LINE_P,LINE_P,LINE_P,LINE_P,LINE_P,LINE_P,1.0,,,,
MTX201605001,92,LINE_P,LINE_P,LINE_P,LINE_P,LINE_P,LINE_P,1.0,,,,
MTX201605247,46,LINE_P,LINE_P,LINE_P,LINE_P,LINE_P,LINE_P,0.9800000000000001,TEXT_P,0.02,TEXT_HW,0.0002
MTX201605331,625,LINE_P,LINE_P,LINE_P,LINE_P,LINE_P,LINE_P,1.0,,,,
MTX201605917,6,TEXT_P,TEXT_P,TEXT_P,TEXT_P,TEXT_P,TEXT_P,1.0,,,,
MTX201606634,1,LINE_P,LINE_P,LINE_P,LINE_P,LINE_P,LINE_P,1.0,,,,
MTX201700030,39,DRAW,DRAW,DRAW,DRAW,DRAW,DRAW,1.0,,,,
MTX201700075,20,PHOTO,PHOTO,PHOTO,PHOTO,PHOTO,PHOTO,1.0,,,,
MTX201700184,1,LINE_P,LINE_P,LINE_P,LINE_T,LINE_P,LINE_P,0.8882,LINE_T,0.1116,,
MTX201700334,19,TEXT_P,TEXT_P,TEXT_P,TEXT_P,TEXT_P,TEXT_P,1.0,,,,
MTX201700459,107,PHOTO,PHOTO,PHOTO,PHOTO,PHOTO,PHOTO,1.0,,,,
MTX201700489,86,TEXT_P,DRAW,DRAW,DRAW,TEXT_P,DRAW,0.5932,TEXT_P,0.388,TEXT,0.014799999999999999
MTX201700490,514,LINE_P,LINE_P,LINE_P,LINE_P,LINE_P,LINE_P,1.0,,,,
MTX201700491,288,LINE_P,LINE_P,LINE_P,LINE_P,LINE_P,LINE_P,1.0,,,,
MTX201700491,1288,LINE_P,LINE_P,LINE_P,LINE_P,LINE_P,LINE_P,1.0,,,,
MTX201700492,865,LINE_P,LINE_P,LINE_P,LINE_P,LINE_P,LINE_P,0.9212,TEXT_P,0.0784,TEXT_HW,0.0004
MTX201700493,485,DRAW,DRAW,DRAW,DRAW,DRAW,DRAW,1.0,,,,
MTX201700502,9,TEXT_P,TEXT_P,TEXT_P,TEXT_P,TEXT_P,TEXT_P,0.99,TEXT_T,0.007000000000000001,TEXT_HW,0.0028
MTX201700539,45,PHOTO,PHOTO,PHOTO,PHOTO,PHOTO,PHOTO,1.0,,,,
MTX201700546,114,DRAW,DRAW,DRAW,DRAW,DRAW,DRAW,0.9998000000000001,DRAW_L,0.0002,,
MTX201700565,15,TEXT_P,LINE_P,LINE_P,LINE_P,LINE_P,LINE_P,0.7502,TEXT_P,0.2496,TEXT,0.0002
MTX201700594,43,TEXT_P,TEXT_P,TEXT_P,TEXT_P,TEXT_P,TEXT_P,1.0,,,,
MTX201700605,8,TEXT_P,TEXT_P,TEXT_P,TEXT_P,TEXT_P,TEXT_P,0.9822,TEXT,0.017599999999999998,TEXT_T,0.0002
MTX201700652,5,TEXT_P,TEXT_P,TEXT_P,TEXT_P,TEXT_P,TEXT_P,1.0,,,,
MTX201700715,91,LINE_P,LINE_P,LINE_P,LINE_P,LINE_P,LINE_P,1.0,,,,
MTX201700757,30,DRAW,DRAW,DRAW,DRAW,DRAW,DRAW,1.0,,,,
MTX201700790,23,LINE_P,LINE_P,LINE_P,LINE_P,LINE_P,LINE_P,0.9978,TEXT_P,0.002,,
MTX201700841,74,LINE_P,LINE_P,LINE_P,TEXT_P,LINE_P,LINE_P,0.7998,TEXT_P,0.2002,,
MTX201700906,17,PHOTO,PHOTO,PHOTO,PHOTO,PHOTO,PHOTO,0.9998000000000001,LINE_P,0.0002,,
MTX201700926,1,PHOTO,PHOTO,PHOTO,PHOTO,PHOTO,PHOTO,0.9934000000000001,DRAW,0.0066,,
MTX201700963,3,TEXT_T,TEXT_T,TEXT_T,TEXT_T,TEXT_T,TEXT_T,0.994,TEXT_P,0.006,TEXT,0.0004
MTX201700984,9,DRAW,DRAW,DRAW,DRAW,DRAW,DRAW,0.9994,DRAW_L,0.0006000000000000001,,
MTX201701015,9,TEXT_P,TEXT_P,TEXT_P,TEXT_P,TEXT_P,TEXT_P,1.0,,,,
MTX201701051,5,DRAW,DRAW,DRAW,DRAW,DRAW,DRAW,0.9998000000000001,DRAW_L,0.0002,,
MTX201701063,53,PHOTO,TEXT,TEXT,PHOTO,TEXT,TEXT,0.702,PHOTO,0.2962,DRAW,0.0008
MTX201701069,392,DRAW,DRAW,DRAW,DRAW,DRAW,DRAW,0.9997999999999999,TEXT_HW,0.0002,,
MTX201701081,8,TEXT,TEXT_T,TEXT_T,TEXT_T,TEXT_HW,TEXT_T,0.5551999999999999,TEXT_HW,0.2286,TEXT,0.2162
MTX201701090,26,LINE_T,DRAW,LINE_T,LINE_T,LINE_HW,LINE_T,0.4826,DRAW,0.23679999999999998,LINE_HW,0.22480000000000003
MTX201701104,46,DRAW,DRAW,DRAW,DRAW,DRAW,DRAW,1.0,,,,
MTX201701163,110,DRAW,DRAW,DRAW,DRAW,DRAW,DRAW,1.0,,,,
MTX201701192,1,TEXT,TEXT,TEXT,TEXT,TEXT,TEXT,0.958,TEXT_P,0.022199999999999998,TEXT_HW,0.0196
MTX201701219a,68,DRAW,DRAW,DRAW,DRAW,DRAW,DRAW,1.0,,,,
MTX201701236,54,DRAW,DRAW,DRAW,DRAW,DRAW,DRAW,1.0,,,,
MTX201701240,6,LINE_P,LINE_P,LINE_P,TEXT_P,LINE_P,LINE_P,0.8116,TEXT_P,0.1882,,
MTX201701283,11,LINE_P,LINE_P,LINE_P,LINE_P,LINE_P,LINE_P,0.9996,TEXT_P,0.0004,,
MTX201701300,2,LINE_P,LINE_P,LINE_P,LINE_P,LINE_P,LINE_P,0.9992000000000001,TEXT,0.0008,,
MTX201701312,204,TEXT_P,LINE_P,LINE_P,LINE_P,LINE_P,LINE_P,0.8924,TEXT_P,0.10740000000000001,TEXT,0.0002
MTX201701316,263,LINE_P,LINE_P,LINE_P,LINE_P,LINE_P,LINE_P,1.0,,,,
MTX201701332,70,LINE_P,LINE_P,LINE_P,LINE_P,LINE_P,LINE_P,1.0,,,,
MTX201701340,35,TEXT_P,TEXT_P,TEXT_P,TEXT_P,TEXT_P,TEXT_P,1.0,,,,
MTX201701377,4,TEXT_P,TEXT_P,TEXT_P,TEXT_P,TEXT_P,TEXT_P,1.0,,,,
MTX201701428d,46,DRAW,DRAW,DRAW,DRAW,DRAW,DRAW,1.0,,,,
MTX201701432,51,TEXT_P,TEXT_P,LINE_P,LINE_P,TEXT_P,TEXT_P,0.561,LINE_P,0.43739999999999996,TEXT,0.0016
MTX201701446,31,LINE_P,LINE_P,LINE_P,LINE_P,LINE_P,LINE_P,1.0,,,,
MTX201701463,94,DRAW,DRAW,DRAW,DRAW,DRAW,DRAW,1.0,,,,
MTX201701490,21,DRAW,DRAW,DRAW,DRAW,DRAW,DRAW,0.9029999999999999,DRAW_L,0.0952,TEXT_T,0.001
MTX201701503,88,LINE_P,LINE_P,LINE_P,LINE_P,LINE_P,LINE_P,0.9996,DRAW_L,0.0002,LINE_HW,0.0002
MTX201701542,35,LINE_P,LINE_P,DRAW_L,DRAW_L,LINE_P,LINE_P,0.5864,DRAW_L,0.36239999999999994,DRAW,0.0508
MTX201701545,550,DRAW,DRAW,DRAW,DRAW,DRAW,DRAW,1.0,,,,
MTX201701548,177,LINE_P,LINE_P,LINE_P,LINE_P,LINE_P,LINE_P,1.0,,,,
MTX201701551,336,DRAW,DRAW,DRAW,DRAW,DRAW,DRAW,0.9998000000000001,DRAW_L,0.0002,,
MTX201701576,138,LINE_P,LINE_P,LINE_P,LINE_P,LINE_P,LINE_P,0.9997999999999999,DRAW,0.0002,,
MTX201701594,12,TEXT_P,TEXT_P,TEXT_P,TEXT_P,TEXT_P,TEXT_P,0.9827999999999999,LINE_P,0.0152,TEXT_T,0.0018
MTX201701625b,1,TEXT,TEXT,TEXT,TEXT,TEXT,TEXT,0.9991999999999999,TEXT_P,0.0008,,
MTX201701636,130,LINE_P,LINE_P,LINE_P,LINE_P,LINE_P,LINE_P,0.9997999999999999,LINE_T,0.0002,,
MTX201701641,125,LINE_P,LINE_P,LINE_T,LINE_P,LINE_T,LINE_P,0.6652,LINE_T,0.3322,TEXT,0.0018
MTX201701650b,46,PHOTO,PHOTO,PHOTO,PHOTO,PHOTO,PHOTO,1.0,,,,
MTX201701671b,16,LINE_P,LINE_P,LINE_P,LINE_P,LINE_P,LINE_P,0.9998000000000001,DRAW,0.0002,DRAW_L,0.0002
MTX201701673,111,LINE_P,LINE_P,LINE_P,LINE_P,LINE_P,LINE_P,0.9996,TEXT_P,0.0004,,
MTX201701719,62,PHOTO,PHOTO,PHOTO,PHOTO,PHOTO,PHOTO,0.9997999999999999,DRAW,0.0002,,
MTX201701829,32,LINE_P,LINE_P,LINE_P,LINE_P,LINE_P,LINE_P,0.9792,DRAW_L,0.02,LINE_HW,0.0006000000000000001
MTX201701846a,59,DRAW,DRAW,DRAW,DRAW,DRAW,DRAW,1.0,,,,
MTX201701870,63,PHOTO,PHOTO,PHOTO,PHOTO,PHOTO,PHOTO,1.0,,,,
MTX201701899,37,LINE_P,LINE_P,LINE_P,TEXT_P,LINE_P,LINE_P,0.8006,TEXT_P,0.1994,,
MTX201702031,22,DRAW,DRAW,DRAW,DRAW,DRAW,DRAW,0.9994,DRAW_L,0.0006000000000000001,,
MTX201702079,40,DRAW,DRAW,DRAW,DRAW,DRAW,DRAW,0.9808,DRAW_L,0.0186,PHOTO,0.0006000000000000001
MTX201702109,8,DRAW_L,DRAW_L,DRAW_L,DRAW_L,DRAW_L,DRAW_L,0.999,DRAW,0.0006000000000000001,,
MTX201702146,4,LINE_P,LINE_P,LINE_P,LINE_P,LINE_P,LINE_P,0.9766,TEXT_P,0.0234,,
MTX201702176,19,LINE_P,LINE_P,LINE_P,LINE_P,LINE_P,LINE_P,1.0,,,,
MTX201702183,108,DRAW,DRAW,DRAW,DRAW,DRAW,DRAW,0.9996,DRAW_L,0.0002,PHOTO,0.0002
MTX201702318,1,TEXT,TEXT,TEXT_P,TEXT,LINE_P,TEXT,0.5948,TEXT_P,0.2088,LINE_P,0.196
MTX201702405,187,LINE_T,LINE_T,LINE_T,LINE_T,LINE_T,LINE_T,0.9987999999999999,LINE_P,0.0006000000000000001,DRAW,0.0002
MTX201702408b,27,PHOTO,PHOTO,PHOTO,PHOTO,PHOTO,PHOTO,0.9538,DRAW,0.046200000000000005,,
MTX201702411b,15,LINE_T,LINE_T,LINE_T,LINE_T,LINE_T,LINE_T,0.9873999999999998,LINE_P,0.011399999999999999,DRAW,0.0008
MTX201702414,42,TEXT,DRAW,TEXT,TEXT,TEXT,TEXT,0.799,DRAW,0.1994,TEXT_T,0.001
MTX201702694,2,TEXT_T,TEXT_T,TEXT_T,TEXT_T,TEXT_T,TEXT_T,1.0,,,,
MTX201702863a,21,DRAW,DRAW,DRAW,DRAW,DRAW,DRAW,1.0,,,,
MTX201702888,29,DRAW,DRAW,DRAW,DRAW,DRAW,DRAW,1.0,,,,
MTX201702916,27,PHOTO,PHOTO,PHOTO,PHOTO,PHOTO,PHOTO,1.0,,,,
MTX201702928,24,PHOTO,PHOTO,PHOTO,PHOTO,PHOTO,PHOTO,1.0,,,,
MTX201702959,77,LINE_P,LINE_P,LINE_P,LINE_P,LINE_P,LINE_P,1.0,,,,
MTX201702967,1,TEXT_P,TEXT_P,TEXT_P,TEXT_P,TEXT_P,TEXT_P,0.9274000000000001,TEXT,0.0644,TEXT_T,0.0073999999999999995
MTX201703078,53,TEXT_P,TEXT_P,TEXT_P,TEXT_P,TEXT_P,TEXT_P,0.9872,TEXT_T,0.012199999999999999,TEXT,0.0006000000000000001
MTX201703264,2,DRAW_L,DRAW_L,DRAW_L,DRAW_L,DRAW_L,DRAW_L,0.9998000000000001,DRAW,0.0002,,
MTX201703990,1,LINE_P,LINE_P,LINE_T,LINE_P,LINE_P,LINE_P,0.8775999999999999,LINE_T,0.1106,LINE_HW,0.012
MTX201710003,15,LINE_P,TEXT_P,TEXT_P,TEXT_P,LINE_P,TEXT_P,0.5980000000000001,LINE_P,0.40199999999999997,,
MTX201710068,1,TEXT_P,TEXT_P,TEXT_P,TEXT_P,TEXT_P,TEXT_P,0.7864,LINE_P,0.14140000000000003,TEXT,0.0716
MTX201800032,36,DRAW,DRAW,DRAW,DRAW,DRAW,DRAW,0.9998000000000001,DRAW_L,0.0002,,
MTX201800090,12,LINE_P,LINE_P,LINE_P,LINE_P,LINE_P,LINE_P,1.0,,,,
MTX201800122,24,PHOTO,PHOTO,PHOTO,PHOTO,PHOTO,PHOTO,1.0,,,,
MTX201800189,107,LINE_P,LINE_P,LINE_P,LINE_P,LINE_P,LINE_P,1.0,,,,
MTX201800296,15,DRAW,DRAW,DRAW,DRAW,DRAW,DRAW,1.0,,,,
MTX201890190,3,TEXT_T,TEXT,TEXT,TEXT_T,TEXT_T,TEXT_T,0.5894,TEXT,0.41059999999999997,,
MTX201890902,14,DRAW,DRAW,DRAW,DRAW,DRAW,DRAW,1.0,,,,
MTX201891379,1,DRAW,DRAW,DRAW,DRAW,DRAW,DRAW,1.0,,,,
MTX201900005,16,TEXT_P,TEXT_P,TEXT_P,TEXT_P,TEXT_P,TEXT_P,0.99,LINE_P,0.0094,DRAW,0.0004
MTX201900022,199,LINE_P,LINE_P,LINE_P,LINE_P,LINE_P,LINE_P,0.9998000000000001,LINE_HW,0.0002,,
MTX201900037,9,LINE_P,LINE_P,LINE_P,LINE_P,LINE_P,LINE_P,0.9982,DRAW,0.0014,LINE_HW,0.0004
MTX201900046,308,LINE_P,LINE_P,LINE_P,LINE_P,LINE_P,LINE_P,1.0,,,,
MTX201900058,31,TEXT_P,TEXT_T,TEXT_P,TEXT_P,TEXT_P,TEXT_P,0.8958,TEXT_T,0.1028,TEXT,0.0008
MTX201900071a,133,LINE_P,LINE_P,LINE_P,LINE_P,LINE_P,LINE_P,1.0,,,,
MTX201900081,193,DRAW,DRAW,DRAW,DRAW,DRAW,DRAW,1.0,,,,
MTX201900083,139,DRAW,LINE_HW,DRAW,DRAW,DRAW,DRAW,0.8022,LINE_HW,0.194,DRAW_L,0.0027999999999999995
MTX201900086a,350,LINE_P,LINE_P,LINE_P,LINE_P,LINE_P,LINE_P,1.0,,,,
MTX201900097,48,LINE_P,LINE_P,LINE_P,LINE_P,LINE_P,LINE_P,0.9998000000000001,LINE_HW,0.0002,,
MTX201900100a,385,LINE_P,LINE_P,LINE_P,LINE_P,LINE_P,LINE_P,1.0,,,,
MTX201900100d,23,LINE_P,LINE_P,LINE_P,LINE_P,LINE_P,LINE_P,1.0,,,,
MTX201900100f,93,DRAW,DRAW,DRAW,DRAW,DRAW,DRAW,0.9997999999999999,,,,
MTX201900125,12,LINE_P,LINE_P,LINE_P,LINE_P,LINE_P,LINE_P,0.9982,TEXT_P,0.0018,,
MTX201900143,23,LINE_P,LINE_P,LINE_P,LINE_P,LINE_P,LINE_P,1.0,,,,
MTX201900174,2,LINE_P,LINE_P,LINE_P,LINE_P,LINE_P,LINE_P,1.0,,,,
MTX201900231,12,TEXT_P,TEXT_P,TEXT_P,TEXT_P,TEXT_P,TEXT_P,1.0,,,,
MTX201900234,190,PHOTO,PHOTO,PHOTO,PHOTO,PHOTO,PHOTO,1.0,,,,
MTX201900285,25,DRAW,DRAW,DRAW,DRAW,DRAW,DRAW,1.0,,,,
MTX201900417,69,TEXT_P,TEXT_P,TEXT_P,TEXT_P,TEXT_P,TEXT_P,1.0,,,,
MTX201900504,97,LINE_P,LINE_P,LINE_P,LINE_P,LINE_P,LINE_P,0.9991999999999999,LINE_T,0.0004,TEXT_P,0.0002
MTX201900545,4,TEXT_P,TEXT_P,TEXT_P,TEXT_P,TEXT_P,TEXT_P,1.0,,,,
MTX202000022,15,DRAW,DRAW,DRAW,DRAW,DRAW,DRAW,0.9812000000000001,DRAW_L,0.0134,PHOTO,0.0054
MTX202000080,34,PHOTO,PHOTO,PHOTO,PHOTO,PHOTO,PHOTO,1.0,,,,
MTX202000110,11,TEXT_P,TEXT_P,TEXT_P,TEXT_P,TEXT_P,TEXT_P,1.0,,,,
MTX202000131,12,LINE_P,LINE_P,LINE_P,LINE_P,LINE_P,LINE_P,0.9997999999999999,LINE_HW,0.0002,,
MTX202000164,32,PHOTO,PHOTO,PHOTO,PHOTO,PHOTO,PHOTO,1.0,,,,
MTX202000202,7,LINE_P,LINE_P,LINE_P,LINE_P,LINE_P,LINE_P,0.9972,LINE_HW,0.0026,LINE_T,0.0002
MTX202000232,45,PHOTO,PHOTO,PHOTO,PHOTO,PHOTO,PHOTO,0.9996,DRAW,0.0002,PHOTO_L,0.0002
MTX202000250,172,DRAW,DRAW,DRAW,DRAW,DRAW,DRAW,0.9998000000000001,DRAW_L,0.0002,,
MTX202000319,3,DRAW_L,DRAW,DRAW_L,DRAW_L,DRAW_L,DRAW_L,0.7986,DRAW,0.1928,PHOTO_L,0.007000000000000001
MTX202000432,70,PHOTO,PHOTO,PHOTO,PHOTO,PHOTO,PHOTO,1.0,,,,
MTX202000492,68,DRAW,DRAW,DRAW,DRAW,DRAW,DRAW,0.9997999999999999,DRAW_L,0.0002,,
MTX202000559,70,PHOTO,PHOTO,PHOTO,PHOTO,PHOTO,PHOTO,0.9998000000000001,DRAW,0.0002,,
MTX202000591,375,LINE_P,LINE_P,LINE_P,LINE_P,LINE_P,LINE_P,1.0,,,,
MTX202010013,17,PHOTO,PHOTO,PHOTO,PHOTO,PHOTO,PHOTO,1.0,,,,
MTX202010056,36,PHOTO,PHOTO,PHOTO,PHOTO,PHOTO,PHOTO,1.0,,,,
MTX202010208,2,TEXT_P,TEXT,TEXT,TEXT_P,TEXT,TEXT_P,0.5154,TEXT,0.4138,DRAW,0.05620000000000001
MTX202010322,75,PHOTO,PHOTO,PHOTO,PHOTO,PHOTO,PHOTO,0.9998000000000001,DRAW,0.0002,,
MTX202010348,4,TEXT_P,TEXT,TEXT_P,TEXT_P,TEXT_P,TEXT_P,0.8084,TEXT,0.187,DRAW,0.004399999999999999
MTX202010424,9,PHOTO,PHOTO,PHOTO,PHOTO,PHOTO,PHOTO,1.0,,,,
MTX202010559,9,DRAW,PHOTO,PHOTO,PHOTO,PHOTO,PHOTO,0.8629999999999999,DRAW,0.1368,,
MTX202100006,152,TEXT_P,TEXT_P,TEXT_P,TEXT_P,TEXT_P,TEXT_P,0.999,LINE_P,0.0006000000000000001,TEXT_T,0.0004
MTX202100020,13,PHOTO,PHOTO,PHOTO,PHOTO,PHOTO,PHOTO,1.0,,,,
MTX202100059,8,TEXT_P,TEXT_P,TEXT_P,TEXT_P,TEXT_P,TEXT_P,1.0,,,,
MTX202100080,17,TEXT_P,TEXT_P,TEXT_P,TEXT_P,TEXT_P,TEXT_P,1.0,,,,
MTX202100126,8,DRAW_L,DRAW,DRAW_L,DRAW,DRAW,DRAW,0.5356,DRAW_L,0.4624,LINE_P,0.0018000000000000002
MTX202100175,11,TEXT_P,TEXT_P,TEXT_P,TEXT_P,TEXT_P,TEXT_P,1.0,,,,
MTX202100224,9,TEXT_P,TEXT_P,TEXT_P,TEXT_P,TEXT_P,TEXT_P,1.0,,,,
MTX202100250,11,DRAW,DRAW,DRAW,DRAW,DRAW,DRAW,0.9882,PHOTO,0.011199999999999998,DRAW_L,0.0006000000000000001
MTX202100315,37,PHOTO,PHOTO,PHOTO,PHOTO,PHOTO,PHOTO,1.0,,,,
MTX202100338,18,DRAW,DRAW,DRAW,DRAW,DRAW,DRAW,1.0,,,,
MTX202100383,27,TEXT_P,TEXT_P,TEXT_P,TEXT_P,TEXT_P,TEXT_P,1.0,,,,
MTX202100402,28,LINE_P,LINE_P,LINE_P,LINE_P,DRAW,LINE_P,0.7302,DRAW,0.2696,DRAW_L,0.0002
MTX202100409,177,TEXT_P,TEXT_P,TEXT_P,TEXT_P,TEXT_P,TEXT_P,1.0,,,,
MTX202100430,15,DRAW,DRAW,DRAW,DRAW,DRAW,DRAW,0.9916,PHOTO,0.0082,,
MTX202100461,80,TEXT_P,TEXT_P,TEXT_P,TEXT_P,TEXT_P,TEXT_P,1.0,,,,
MTX202100487,10,TEXT_P,TEXT_P,TEXT_P,TEXT_P,TEXT_P,TEXT_P,1.0,,,,
MTX202100495,88,PHOTO,PHOTO,PHOTO,PHOTO,PHOTO,PHOTO,1.0,,,,
MTX202100509,209,DRAW_L,DRAW_L,DRAW_L,DRAW_L,DRAW_L,DRAW_L,0.9423999999999999,DRAW,0.05739999999999999,LINE_P,0.0002
MTX202100521,219,TEXT_P,TEXT_P,TEXT_P,TEXT_P,TEXT_P,TEXT_P,1.0,,,,
MTX202100524a,197,LINE_P,TEXT_P,TEXT_P,TEXT_P,LINE_P,TEXT_P,0.6,LINE_P,0.4,,
MTX202100534,43,DRAW_L,DRAW,DRAW_L,DRAW_L,DRAW_L,DRAW_L,0.7258,DRAW,0.27399999999999997,LINE_T,0.0002
MTX202100545,242,DRAW,DRAW_L,DRAW,DRAW_L,DRAW_L,DRAW_L,0.6594,DRAW,0.3406,LINE_HW,0.0002
MTX202100546b,259,TEXT_P,TEXT_P,TEXT_P,TEXT_P,TEXT_P,TEXT_P,1.0,,,,
MTX202100564,95,LINE_P,LINE_P,LINE_P,LINE_P,LINE_P,LINE_P,1.0,,,,
MTX202100586,32,DRAW,DRAW,DRAW,DRAW,DRAW,DRAW,0.958,DRAW_L,0.041400000000000006,TEXT_T,0.0006000000000000001
MTX202100619,9,TEXT_P,TEXT_P,TEXT_P,TEXT_P,TEXT_P,TEXT_P,1.0,,,,
MTX202100640,3,DRAW_L,DRAW,DRAW_L,DRAW_L,DRAW_L,DRAW_L,0.806,DRAW,0.1938,,
MTX202100657,303,PHOTO,PHOTO,PHOTO,PHOTO,PHOTO,PHOTO,1.0,,,,
MTX202100695,119,TEXT_P,TEXT_P,TEXT_P,TEXT_P,TEXT_P,TEXT_P,1.0,,,,
MTX202100707,102,DRAW,DRAW,DRAW,DRAW,DRAW,DRAW,0.9518000000000001,PHOTO,0.047,DRAW_L,0.0012000000000000001
MTX202100759,22,TEXT_P,TEXT_P,TEXT_P,TEXT_P,TEXT_P,TEXT_P,0.9996,TEXT_T,0.0004,,
MTX202100777,446,LINE_P,LINE_P,LINE_P,LINE_P,LINE_P,LINE_P,1.0,,,,
MTX202100803,12,TEXT_P,TEXT_P,TEXT_P,TEXT_P,TEXT_P,TEXT_P,1.0,,,,
MTX202110088,19,DRAW,DRAW,DRAW,DRAW,DRAW,DRAW,0.9937999999999999,TEXT,0.0038,TEXT_HW,0.0024000000000000002
MTX202110121,135,TEXT_T,TEXT_T,TEXT_T,TEXT_T,TEXT_T,TEXT_T,0.998,TEXT,0.0016,,
MTX202110153,2,TEXT_HW,TEXT_HW,TEXT_HW,TEXT_HW,TEXT_HW,TEXT_HW,0.9982,TEXT,0.0016,TEXT_P,0.0002
MTX202110198,5,DRAW,DRAW,DRAW,DRAW,DRAW,DRAW,0.9756,TEXT,0.0228,LINE_HW,0.0016
MTX202200005,63,TEXT_P,TEXT_P,TEXT_P,TEXT_P,TEXT_P,TEXT_P,0.9997999999999999,,,,
MTX202200052,17,TEXT_P,TEXT_P,TEXT_P,TEXT_P,TEXT_P,TEXT_P,1.0,,,,
MTX202200126,19,LINE_P,TEXT_P,LINE_P,TEXT_P,LINE_P,LINE_P,0.682,TEXT_P,0.31779999999999997,TEXT_T,0.0002
MTX202200165,15,TEXT_P,TEXT_P,TEXT_P,TEXT_P,TEXT_P,TEXT_P,1.0,,,,
MTX202200183,37,DRAW,DRAW,DRAW,DRAW,DRAW,DRAW,1.0,,,,
MTX202200210,17,TEXT_P,TEXT_P,TEXT_P,TEXT_P,TEXT_P,TEXT_P,0.9958,TEXT_T,0.0036,TEXT,0.0008
MTX202200240,140,LINE_P,LINE_P,LINE_P,LINE_P,LINE_P,LINE_P,1.0,,,,
MTX202200273,22,PHOTO,PHOTO,PHOTO,PHOTO,PHOTO,PHOTO,0.9998000000000001,DRAW,0.0002,,
MTX202200295,158,TEXT_P,TEXT_P,TEXT_P,TEXT_P,TEXT_P,TEXT_P,1.0,,,,
MTX202200314,3,LINE_P,LINE_P,LINE_P,LINE_P,LINE_P,LINE_P,0.9507999999999999,TEXT,0.026600000000000002,LINE_T,0.0228
MTX202200328,29,TEXT_P,TEXT_P,TEXT_P,TEXT_P,TEXT_P,TEXT_P,1.0,,,,
MTX202200335,729,PHOTO,PHOTO,PHOTO,PHOTO,PHOTO,PHOTO,1.0,,,,
MTX202200348,236,DRAW,DRAW,DRAW,DRAW,DRAW,DRAW,0.9994,DRAW_L,0.0006000000000000001,,
MTX202200385,4,TEXT_P,TEXT_P,TEXT_P,TEXT_P,TEXT_P,TEXT_P,0.9997999999999999,LINE_P,0.0002,,
MTX202200431,26,PHOTO,PHOTO,PHOTO,PHOTO,PHOTO,PHOTO,1.0,,,,
MTX202200444,389,LINE_P,LINE_P,LINE_P,LINE_P,LINE_P,LINE_P,1.0,,,,
MTX202200485,22,TEXT_P,TEXT_P,TEXT_P,TEXT_P,TEXT_P,TEXT_P,0.9997999999999999,TEXT,0.0002,,
MTX202200533,23,DRAW,DRAW,DRAW,DRAW,DRAW,DRAW,0.9996,DRAW_L,0.0004,,
MTX202200557,1,PHOTO,PHOTO,PHOTO,PHOTO,PHOTO,PHOTO,1.0,,,,
MTX202200563,842,DRAW,DRAW_L,DRAW,DRAW,DRAW,DRAW,0.8202,DRAW_L,0.17980000000000002,,
MTX202200564,633,PHOTO,PHOTO,PHOTO,PHOTO,PHOTO,PHOTO,1.0,,,,
MTX202200611,2,DRAW,DRAW,DRAW,DRAW,DRAW,DRAW,0.9978,PHOTO,0.002,,
MTX202200672,15,DRAW,DRAW,DRAW,DRAW,DRAW,DRAW,0.9994,DRAW_L,0.0006000000000000001,,
MTX202200706,25,DRAW_L,DRAW,DRAW,DRAW,DRAW,DRAW,0.8884000000000001,DRAW_L,0.1096,PHOTO_L,0.0019999999999999996
MTX202200717,878,LINE_P,LINE_P,LINE_P,LINE_P,LINE_P,LINE_P,1.0,,,,
MTX202200730,274,DRAW,DRAW,DRAW,DRAW,DRAW,DRAW,0.9965999999999999,PHOTO,0.0018000000000000002,DRAW_L,0.0016
MTX202200763,23,DRAW,DRAW,DRAW,DRAW,DRAW,DRAW,1.0,,,,
MTX202200786,15,PHOTO,PHOTO,PHOTO,PHOTO,PHOTO,PHOTO,0.9998000000000001,PHOTO_L,0.0002,,
MTX202210002,74,DRAW,DRAW,DRAW,DRAW,DRAW,DRAW,1.0,,,,
MTX202210006,38,DRAW,DRAW,DRAW,DRAW,DRAW,DRAW,0.9997999999999999,DRAW_L,0.0002,,
MTX202210015c,71,TEXT_HW,TEXT_HW,TEXT_HW,TEXT_HW,TEXT_HW,TEXT_HW,0.9962,LINE_HW,0.0024000000000000002,TEXT_P,0.001
MTX202210016c,84,TEXT_HW,TEXT_HW,TEXT_HW,TEXT_HW,TEXT_HW,TEXT_HW,0.9987999999999999,DRAW,0.0006000000000000001,TEXT_T,0.0004
MTX202210017d,60,LINE_HW,LINE_HW,LINE_HW,LINE_HW,LINE_HW,LINE_HW,0.992,DRAW,0.007200000000000001,LINE_T,0.0006000000000000001
MTX202210019d,144,TEXT_T,TEXT,TEXT,TEXT,TEXT,TEXT,0.7956,TEXT_T,0.2022,TEXT_HW,0.0021999999999999997
MTX202210024,37,LINE_T,LINE_T,LINE_T,LINE_T,LINE_T,LINE_T,1.0,,,,
MTX202210028d,23,PHOTO,DRAW,PHOTO,DRAW,DRAW,DRAW,0.7144,PHOTO,0.2758,TEXT_T,0.01
MTX202210033,18,LINE_HW,LINE_HW,LINE_HW,LINE_HW,LINE_HW,LINE_HW,0.9954000000000001,LINE_T,0.004399999999999999,TEXT,0.0002
MTX202210044,58,LINE_P,LINE_P,LINE_T,LINE_T,LINE_P,LINE_P,0.587,LINE_T,0.37039999999999995,LINE_HW,0.043000000000000003
MTX202210059,1,TEXT,TEXT_HW,TEXT,TEXT_HW,TEXT,TEXT,0.7156,TEXT_HW,0.25020000000000003,PHOTO,0.034
MTX202210074,15,LINE_T,LINE_P,LINE_T,LINE_T,LINE_HW,LINE_T,0.6809999999999999,LINE_P,0.20379999999999998,LINE_HW,0.1152
MTX202210119,86,TEXT,TEXT,TEXT,TEXT,TEXT,TEXT,0.9998000000000001,TEXT_T,0.0002,,
MTX202300012,301,LINE_P,LINE_P,LINE_P,LINE_P,LINE_P,LINE_P,1.0,,,,
MTX202300022,36,TEXT_P,TEXT_P,TEXT_P,TEXT_P,TEXT_P,TEXT_P,1.0,,,,
MTX202300054,32,LINE_P,LINE_P,LINE_P,LINE_P,LINE_P,LINE_P,1.0,,,,
MTX202300080,72,DRAW,DRAW,DRAW,DRAW,DRAW,DRAW,0.9926,LINE_P,0.0046,DRAW_L,0.003
MTX202300102,15,TEXT_P,TEXT_P,TEXT_P,TEXT_P,TEXT_P,TEXT_P,1.0,,,,
MTX202300133,6,TEXT_P,TEXT_P,TEXT_P,TEXT_P,TEXT_P,TEXT_P,1.0,,,,
MTX202300157,14,TEXT_P,TEXT_P,TEXT_P,TEXT_P,TEXT_P,TEXT_P,1.0,,,,
MTX202300188,28,DRAW,DRAW,DRAW,DRAW,DRAW,DRAW,1.0,,,,
MTX202300234,10,TEXT_P,TEXT_P,TEXT_P,TEXT_P,TEXT_P,TEXT_P,1.0,,,,
MTX202300263,21,DRAW,DRAW,DRAW,DRAW,DRAW,DRAW,1.0,,,,
MTX202300304,3,TEXT_P,TEXT_P,TEXT_P,TEXT_P,TEXT_P,TEXT_P,1.0,,,,
MTX202300343,11,LINE_P,LINE_P,LINE_P,LINE_P,LINE_P,LINE_P,1.0,,,,
MTX202300365,100,DRAW,DRAW,DRAW,DRAW,DRAW,DRAW,1.0,,,,
MTX202300392,89,PHOTO,PHOTO,PHOTO,PHOTO,PHOTO,PHOTO,1.0,,,,
MTX202300426,177,DRAW,DRAW,DRAW,DRAW,DRAW,DRAW,1.0,,,,
MTX202300459,11,PHOTO,PHOTO,PHOTO,PHOTO,PHOTO,PHOTO,0.9994,DRAW,0.0006000000000000001,,
MTX202300466A,38,TEXT_P,TEXT_P,TEXT_P,TEXT_P,TEXT_P,TEXT_P,0.999,LINE_P,0.001,,
MTX202300466DE,57,LINE_P,LINE_P,LINE_P,LINE_P,LINE_P,LINE_P,0.9870000000000001,DRAW,0.0124,TEXT_P,0.0006000000000000001
MTX202300466DE,1057,PHOTO,PHOTO,PHOTO,PHOTO,PHOTO,PHOTO,1.0,,,,
MTX202300466FG,691,PHOTO,PHOTO,PHOTO,PHOTO,PHOTO,PHOTO,0.9896,PHOTO_L,0.008799999999999999,DRAW,0.0014
MTX202300510,58,TEXT_P,TEXT_P,TEXT_P,TEXT_P,TEXT_P,TEXT_P,1.0,,,,
MTX202300531,314,DRAW,DRAW,DRAW,DRAW,DRAW,DRAW,0.9984,DRAW_L,0.0014,PHOTO,0.0002
MTX202300569,25,LINE_P,LINE_P,LINE_P,LINE_P,LINE_P,LINE_P,1.0,,,,
MTX202300614,1,TEXT_P,LINE_P,TEXT_P,TEXT_P,TEXT_P,TEXT_P,0.8742000000000001,LINE_P,0.089,DRAW,0.0354
MTX202300633,8,LINE_P,LINE_P,LINE_P,LINE_P,LINE_P,LINE_P,1.0,,,,
MTX202300659A,182,LINE_P,LINE_P,LINE_P,LINE_P,LINE_P,LINE_P,1.0,,,,
MTX202300688,18,LINE_P,LINE_P,LINE_P,LINE_P,LINE_P,LINE_P,1.0,,,,
MTX202300696,822,LINE_P,LINE_P,LINE_P,LINE_P,LINE_P,LINE_P,1.0,,,,
MTX202300696A,373,DRAW,DRAW,DRAW,DRAW,DRAW,DRAW,0.9972,DRAW_L,0.0026,TEXT,0.0002
MTX202300696C,420,LINE_P,LINE_P,LINE_P,LINE_P,LINE_P,LINE_P,0.9997999999999999,TEXT_P,0.0002,,
MTX202300697A,126,LINE_P,LINE_P,LINE_P,LINE_P,LINE_P,LINE_P,1.0,,,,
MTX202300699A,108,LINE_P,LINE_P,LINE_P,LINE_P,LINE_P,LINE_P,1.0,,,,
MTX202300699B,259,LINE_P,LINE_P,LINE_P,LINE_P,LINE_P,LINE_P,1.0,,,,
MTX202300700A,277,LINE_P,LINE_P,LINE_P,LINE_P,LINE_P,LINE_P,1.0,,,,
MTX202300700B,211,LINE_P,LINE_P,LINE_P,LINE_P,LINE_P,LINE_P,0.9932000000000001,TEXT_P,0.0066,TEXT_HW,0.0002
MTX202300700C,668,LINE_P,LINE_P,LINE_P,LINE_P,LINE_P,LINE_P,1.0,,,,
MTX202300701,239,DRAW,DRAW,DRAW,DRAW,DRAW,DRAW,0.9998000000000001,PHOTO,0.0002,,
MTX202300701C,468,LINE_P,LINE_P,LINE_P,LINE_P,LINE_P,LINE_P,1.0,,,,
MTX202310006,3,TEXT_HW,TEXT_HW,TEXT_HW,TEXT_HW,TEXT_HW,TEXT_HW,0.9994,LINE_HW,0.0004,LINE_P,0.0002
MTX202310575,1,TEXT,TEXT,TEXT,TEXT,TEXT,TEXT,0.9994,TEXT_HW,0.0006000000000000001,,
MTX202311183,2,TEXT_HW,TEXT_HW,TEXT_HW,TEXT_HW,TEXT_HW,TEXT_HW,0.9924,TEXT,0.0056,TEXT_P,0.0016
MTX202320037,2,LINE_P,LINE_P,LINE_P,LINE_P,LINE_P,LINE_P,0.9556000000000001,TEXT_P,0.0442,TEXT,0.0004
MTX202320097,30,PHOTO,PHOTO,PHOTO,PHOTO,PHOTO,PHOTO,0.9926,DRAW,0.0062,TEXT_P,0.0006000000000000001
MTX202400031,115,LINE_P,LINE_P,LINE_P,LINE_P,LINE_P,LINE_P,0.9954000000000001,TEXT_P,0.0046,,
MTX202400051,108,LINE_P,LINE_P,LINE_P,LINE_P,LINE_P,LINE_P,0.9996,DRAW_L,0.0004,,
MTX202400057,485,DRAW,DRAW,DRAW,DRAW,DRAW,DRAW,1.0,,,,
MTX202400064,24,TEXT_P,TEXT_P,TEXT_P,TEXT_P,TEXT_P,TEXT_P,1.0,,,,
MTX202400072,541,DRAW,DRAW,DRAW,DRAW,DRAW,DRAW,1.0,,,,
MTX202400107,8,TEXT_P,TEXT_P,TEXT_P,TEXT_P,TEXT_P,TEXT_P,1.0,,,,
MTX202400116,567,PHOTO,PHOTO,PHOTO,PHOTO,PHOTO,PHOTO,1.0,,,,
MTX202400126,9,TEXT_P,TEXT_P,TEXT_P,TEXT_P,TEXT_P,TEXT_P,1.0,,,,
MTX202400128A,111,TEXT_P,TEXT_P,TEXT_P,TEXT_P,TEXT_P,TEXT_P,1.0,,,,
MTX202400132,95,PHOTO,PHOTO,PHOTO,PHOTO,PHOTO,PHOTO,1.0,,,,
MTX202400133H,229,PHOTO,PHOTO,PHOTO,PHOTO,PHOTO,PHOTO,1.0,,,,
MTX202400154,29,DRAW,DRAW,DRAW,DRAW,DRAW,DRAW,0.991,LINE_P,0.005200000000000001,PHOTO,0.0028
MTX202410003A,127,TEXT_HW,TEXT_HW,TEXT_HW,LINE_HW,TEXT_HW,TEXT_HW,0.7136,LINE_HW,0.2832,TEXT,0.0034000000000000002
P009_00016,1,TEXT_HW,TEXT_HW,TEXT_HW,TEXT_HW,TEXT_HW,TEXT_HW,0.9356,TEXT,0.0606,TEXT_T,0.0036
P027_00001_002,85,TEXT,TEXT_T,TEXT_T,TEXT_T,TEXT_T,TEXT_T,0.8008,TEXT,0.1986,LINE_T,0.0004
P027_00002_025,30,TEXT_HW,TEXT_HW,TEXT_HW,TEXT_HW,TEXT_HW,TEXT_HW,1.0,,,,
P027_00003_025,5,TEXT_HW,TEXT_HW,TEXT_HW,TEXT_HW,TEXT_HW,TEXT_HW,1.0,,,,
P027_00004_005,1,TEXT_P,TEXT_HW,TEXT_T,TEXT_T,TEXT_HW,TEXT_HW,0.5564,TEXT_T,0.23900000000000002,TEXT_P,0.128
P028_00012,101,LINE_HW,LINE_HW,LINE_HW,LINE_HW,LINE_HW,LINE_HW,0.9997999999999999,,,,
P028_00020_001,57,LINE_HW,LINE_HW,LINE_HW,LINE_HW,LINE_HW,LINE_HW,0.9124000000000001,LINE_T,0.046,LINE_P,0.0414
P033_00001_002,6,TEXT,TEXT,TEXT_HW,TEXT_HW,TEXT_HW,TEXT_HW,0.5104,TEXT,0.489,LINE_T,0.0004
P043_00001_056,50,TEXT_HW,TEXT_HW,TEXT_HW,TEXT_HW,TEXT_HW,TEXT_HW,0.9621999999999999,LINE_HW,0.0366,TEXT_T,0.001
P043_00002_012,89,LINE_HW,TEXT_HW,LINE_HW,LINE_HW,LINE_HW,LINE_HW,0.8024000000000001,TEXT_HW,0.1976,,
P043_00005_004,9,DRAW,DRAW,PHOTO,PHOTO,PHOTO,PHOTO,0.6188,DRAW,0.38079999999999997,DRAW_L,0.0004
