FILE,PAGE,V1.3,V2.3,V3.3,V4.3,V5.3,CLASS-1,SCORE-1,CLASS-2,SCORE-2,CLASS-3,SCORE-3
CTX192700429,2,TEXT_HW,TEXT_HW,TEXT_HW,TEXT_HW,TEXT_HW,TEXT_HW,1.0,,,,
CTX193000849,2,TEXT,TEXT,TEXT,TEXT,TEXT,TEXT,0.9986,LINE_T,0.0006000000000000001,TEXT_T,0.0004
CTX193200538,1,TEXT,TEXT,TEXT,TEXT,TEXT,TEXT,1.0,,,,
CTX193301269,2,PHOTO,PHOTO,PHOTO,PHOTO,PHOTO,PHOTO,1.0,,,,
CTX193500250,28,PHOTO,PHOTO,PHOTO,PHOTO,PHOTO,PHOTO,1.0,,,,
CTX193601043,1,TEXT,TEXT,TEXT,TEXT,TEXT,TEXT,1.0,,,,
CTX193702442,23,DRAW,DRAW_L,DRAW,DRAW,DRAW,DRAW,0.7996000000000001,DRAW_L,0.2,LINE_HW,0.0002
CTX193801088,1,TEXT_HW,TEXT_HW,TEXT_HW,TEXT_HW,TEXT_HW,TEXT_HW,0.9996,TEXT,0.0004,,
CTX193902849,8,TEXT_T,TEXT_T,TEXT_T,TEXT_T,TEXT_T,TEXT_T,0.9984,TEXT_P,0.001,TEXT,0.0008
CTX194002355,1,TEXT,TEXT,TEXT,TEXT,TEXT,TEXT,1.0,,,,
CTX194004560,1,TEXT,TEXT,TEXT_HW,TEXT,TEXT_HW,TEXT,0.5464,TEXT_HW,0.4532,TEXT_T,0.0002
CTX194100520,1,TEXT_HW,TEXT_HW,TEXT_HW,TEXT_HW,TEXT_HW,TEXT_HW,1.0,,,,
CTX194103628,1,PHOTO,PHOTO,PHOTO,PHOTO,PHOTO,PHOTO,1.0,,,,
CTX194105805,1,PHOTO_L,PHOTO_L,PHOTO_L,PHOTO_L,PHOTO_L,PHOTO_L,1.0,,,,
CTX194201516,2,DRAW,DRAW,DRAW,DRAW,DRAW,DRAW,0.999,TEXT_HW,0.0008,TEXT,0.0002
CTX194300888,2,TEXT,LINE_T,TEXT,LINE_T,TEXT,LINE_T,0.37039999999999995,TEXT,0.3442,TEXT_T,0.28500000000000003
CTX194500099,12,LINE_T,LINE_T,LINE_T,DRAW_L,LINE_T,LINE_T,0.8484,DRAW_L,0.14479999999999998,LINE_HW,0.0028000000000000004
CTX194501873,1,DRAW_L,DRAW_L,DRAW_L,DRAW_L,DRAW_L,DRAW_L,1.0,,,,
CTX194502994A,53,DRAW,DRAW,DRAW,DRAW,DRAW,DRAW,0.9898,PHOTO,0.01,LINE_HW,0.0002
CTX194600685,1,DRAW_L,DRAW_L,DRAW_L,DRAW_L,DRAW_L,DRAW_L,1.0,,,,
CTX194603010,33,DRAW,TEXT,DRAW,DRAW,DRAW,DRAW,0.7886,TEXT,0.2042,DRAW_L,0.0054
CTX194604003,8,PHOTO,PHOTO,PHOTO,PHOTO,PHOTO,PHOTO,0.9960000000000001,TEXT,0.0032,PHOTO_L,0.0008
CTX194604301B,43,DRAW_L,DRAW_L,DRAW_L,DRAW_L,DRAW_L,DRAW_L,1.0,,,,
CTX194604320F,5,PHOTO,PHOTO,PHOTO,PHOTO,PHOTO,PHOTO,1.0,,,,
CTX194605537,1,LINE_T,LINE_T,LINE_T,LINE_T,LINE_T,LINE_T,1.0,,,,
CTX194606540,1,PHOTO_L,PHOTO_L,PHOTO_L,PHOTO_L,PHOTO_L,PHOTO_L,0.9997999999999999,,,,
CTX194702694,1,LINE_HW,TEXT_T,TEXT_T,LINE_HW,TEXT_T,TEXT_T,0.599,LINE_HW,0.3912,LINE_T,0.008799999999999999
CTX194707363,49,PHOTO,PHOTO,PHOTO,PHOTO,PHOTO,PHOTO,1.0,,,,
CTX194802274,1,LINE_T,LINE_T,LINE_T,LINE_T,LINE_T,LINE_T,1.0,,,,
CTX194804013,4,TEXT_T,TEXT_T,TEXT,TEXT_T,TEXT,TEXT_T,0.5238,TEXT,0.4744,TEXT_P,0.0016
CTX194900448,1,LINE_T,LINE_T,LINE_T,LINE_T,LINE_T,LINE_T,1.0,,,,
CTX194901901,1,LINE_T,LINE_T,LINE_T,LINE_T,LINE_T,LINE_T,0.9998000000000001,LINE_HW,0.0002,,
CTX194904905,1,LINE_T,DRAW,DRAW,LINE_T,DRAW,DRAW,0.6,LINE_T,0.4,,
CTX195000831,1,LINE_T,LINE_T,LINE_T,LINE_T,LINE_T,LINE_T,0.9994,LINE_HW,0.0006000000000000001,,
CTX195002453,2,PHOTO,PHOTO,PHOTO,PHOTO,PHOTO,PHOTO,1.0,,,,
CTX195003848,1,TEXT_T,LINE_T,LINE_T,TEXT_T,LINE_T,LINE_T,0.5988,TEXT_T,0.3938,TEXT,0.0068000000000000005
CTX195006920,10,DRAW,DRAW,DRAW,DRAW,DRAW,DRAW,0.9896,TEXT_HW,0.010199999999999999,TEXT_T,0.0004
CTX195100192,8,PHOTO,PHOTO_L,PHOTO,PHOTO,PHOTO,PHOTO,0.865,PHOTO_L,0.1348,TEXT_T,0.0002
CTX195101499,52,TEXT_T,TEXT_T,TEXT_T,LINE_T,TEXT_T,TEXT_T,0.8443999999999999,LINE_T,0.15560000000000002,TEXT,0.0002
CTX195104415,1,LINE_T,LINE_T,LINE_T,LINE_T,LINE_T,LINE_T,1.0,,,,
CTX195105414,15,DRAW,DRAW,DRAW,DRAW,DRAW,DRAW,1.0,,,,
CTX195200217,1,TEXT,TEXT,TEXT,TEXT,TEXT,TEXT,0.9629999999999999,TEXT_T,0.0368,DRAW,0.0004
CTX195200741B,68,DRAW_L,DRAW_L,DRAW_L,DRAW_L,DRAW_L,DRAW_L,1.0,,,,
CTX195201518E,17,DRAW,DRAW,DRAW,DRAW,DRAW,DRAW,1.0,,,,
CTX195202367,1,TEXT,TEXT,TEXT,TEXT,TEXT,TEXT,0.9954000000000001,TEXT_T,0.004399999999999999,,
CTX195205016,41,PHOTO,PHOTO,PHOTO,PHOTO,PHOTO,PHOTO,1.0,,,,
CTX195205374,4,PHOTO_L,DRAW_L,PHOTO_L,PHOTO,PHOTO,PHOTO,0.43600000000000005,PHOTO_L,0.2974,DRAW_L,0.1474
CTX195300325,6,LINE_T,LINE_T,LINE_T,LINE_T,LINE_T,LINE_T,1.0,,,,
CTX195300651,5,DRAW_L,DRAW_L,DRAW_L,DRAW_L,DRAW_L,DRAW_L,0.9969999999999999,DRAW,0.0028,,
CTX195302099,27,DRAW,DRAW,DRAW,DRAW,DRAW,DRAW,1.0,,,,
CTX195303874,1,TEXT_T,TEXT,TEXT_T,TEXT,TEXT,TEXT_T,0.5606,TEXT,0.4391999999999999,,
CTX195305038,17,DRAW_L,LINE_T,LINE_T,LINE_T,LINE_T,LINE_T,0.8454,DRAW_L,0.14579999999999999,LINE_HW,0.008799999999999999
CTX195400059F,1,DRAW,DRAW,DRAW,DRAW,DRAW,DRAW,0.9997999999999999,DRAW_L,0.0002,,
CTX195402830,1,TEXT,TEXT,TEXT,TEXT,TEXT,TEXT,0.819,TEXT_HW,0.1804,DRAW,0.0006000000000000001
CTX195500853,2,DRAW,DRAW,DRAW,DRAW,DRAW,DRAW,1.0,,,,
CTX195502206B,2,PHOTO,PHOTO,PHOTO,PHOTO,PHOTO,PHOTO,1.0,,,,
CTX195505194A,26,PHOTO,PHOTO,PHOTO,PHOTO,PHOTO,PHOTO,1.0,,,,
CTX195603343,1,TEXT,TEXT,TEXT,TEXT,TEXT,TEXT,0.9922000000000001,TEXT_T,0.0078,,
CTX195700966,1,PHOTO_L,PHOTO_L,PHOTO_L,PHOTO_L,PHOTO_L,PHOTO_L,1.0,,,,
CTX195702391,4,TEXT_T,TEXT_T,TEXT_T,TEXT_T,TEXT_T,TEXT_T,1.0,,,,
CTX195704822,49,DRAW,DRAW,DRAW,DRAW,DRAW,DRAW,1.0,,,,
CTX195705699,11,TEXT_T,TEXT_T,TEXT_T,TEXT_T,TEXT_T,TEXT_T,0.9996,TEXT_P,0.0002,,
CTX195800830,4,TEXT,TEXT,TEXT,TEXT,TEXT,TEXT,0.9648,TEXT_T,0.0348,DRAW,0.0004
CTX195801777,1,TEXT_T,TEXT,TEXT,TEXT_T,TEXT,TEXT,0.5928,TEXT_T,0.4072,,
CTX195802363,2,DRAW,DRAW,DRAW,DRAW,DRAW,DRAW,0.9994,DRAW_L,0.0002,,
CTX195803055,1,TEXT,TEXT_T,TEXT_T,TEXT,TEXT_T,TEXT_T,0.5984,TEXT,0.40140000000000003,,
CTX195805113,1,LINE_T,LINE_T,LINE_T,LINE_T,LINE_T,LINE_T,1.0,,,,
CTX195805839D,1,DRAW,DRAW,DRAW,DRAW,DRAW,DRAW,0.9948,DRAW_L,0.003,LINE_HW,0.0021999999999999997
CTX195901115,41,LINE_T,LINE_T,LINE_T,LINE_T,LINE_T,LINE_T,1.0,,,,
CTX195901505,8,PHOTO,PHOTO,PHOTO,PHOTO,PHOTO,PHOTO,1.0,,,,
CTX195902192,2,PHOTO_L,PHOTO_L,PHOTO_L,PHOTO_L,PHOTO_L,PHOTO_L,1.0,,,,
CTX195902909,34,TEXT,TEXT_T,TEXT,TEXT,TEXT_T,TEXT_T,0.5126000000000001,TEXT,0.48739999999999994,,
CTX195904167B,82,DRAW,DRAW,DRAW,DRAW,DRAW,DRAW,0.9998000000000001,TEXT,0.0002,,
CTX195906095,19,PHOTO,PHOTO,PHOTO,PHOTO,PHOTO,PHOTO,0.9996,DRAW,0.0004,,
CTX195906391,17,TEXT_T,TEXT_T,TEXT_T,TEXT_T,TEXT_T,TEXT_T,0.992,TEXT,0.008,,
CTX195906583AG,24,LINE_T,LINE_T,LINE_T,LINE_T,LINE_T,LINE_T,1.0,,,,
CTX195906707,13,TEXT_T,TEXT_T,TEXT_T,TEXT_T,TEXT_T,TEXT_T,0.9992000000000001,TEXT_P,0.0008,,
CTX196001518,19,TEXT_T,TEXT_T,TEXT_T,TEXT_T,TEXT_T,TEXT_T,0.9984,LINE_T,0.0012000000000000001,TEXT,0.0004
CTX196004230,1,TEXT,TEXT,TEXT,TEXT,TEXT,TEXT,1.0,,,,
CTX196005947,20,DRAW,DRAW,DRAW,DRAW,DRAW,DRAW,1.0,,,,
CTX196006196,72,LINE_T,TEXT_T,LINE_T,LINE_T,LINE_T,LINE_T,0.7106,TEXT_T,0.28559999999999997,TEXT,0.004
CTX196101078,11,PHOTO,PHOTO,PHOTO,PHOTO,PHOTO,PHOTO,1.0,,,,
CTX196105320,4,TEXT,TEXT,TEXT,TEXT,TEXT,TEXT,1.0,,,,
CTX196106884,37,PHOTO,PHOTO,PHOTO,PHOTO,PHOTO,PHOTO,1.0,,,,
CTX196202773,69,DRAW,DRAW,DRAW,DRAW,DRAW,DRAW,1.0,,,,
CTX196206184,1,TEXT,TEXT,TEXT,TEXT,TEXT,TEXT,1.0,,,,
CTX196207725,45,TEXT_T,TEXT_T,TEXT_T,TEXT_T,TEXT_T,TEXT_T,1.0,,,,
CTX196303082,59,TEXT_T,TEXT_T,TEXT_T,TEXT_T,TEXT_T,TEXT_T,0.9974000000000001,TEXT,0.0024000000000000002,LINE_P,0.0002
CTX196306858,28,TEXT_T,TEXT,TEXT,TEXT,TEXT_T,TEXT,0.7096,TEXT_T,0.2902,,
CTX196401590,24,PHOTO,PHOTO,PHOTO,PHOTO,PHOTO,PHOTO,1.0,,,,
CTX196406973A,34,TEXT_T,TEXT_T,TEXT_T,TEXT_T,TEXT_T,TEXT_T,1.0,,,,
CTX196407192A,6,PHOTO,PHOTO,PHOTO,PHOTO,PHOTO,PHOTO,1.0,,,,
CTX196502481,5,TEXT_T,TEXT_T,TEXT_T,TEXT_T,TEXT_T,TEXT_T,1.0,,,,
CTX196507035,1,TEXT,TEXT,TEXT,TEXT,TEXT,TEXT,1.0,,,,
CTX196604946,7,TEXT_T,TEXT_T,TEXT_T,TEXT_T,TEXT_T,TEXT_T,1.0,,,,
CTX196607206K,31,PHOTO,PHOTO,PHOTO,PHOTO,PHOTO,PHOTO,1.0,,,,
CTX196609097B,85,LINE_T,LINE_T,LINE_T,LINE_T,LINE_T,LINE_T,0.9378,TEXT_T,0.058600000000000006,TEXT,0.0036
CTX196610962,100,TEXT_T,TEXT_T,TEXT_T,TEXT_T,TEXT_T,TEXT_T,0.9994,TEXT,0.0006000000000000001,,
CTX196701114,47,PHOTO,PHOTO,PHOTO,PHOTO,PHOTO,PHOTO,1.0,,,,
CTX196703423D,3,PHOTO,PHOTO,PHOTO,PHOTO,PHOTO,PHOTO,1.0,,,,
CTX196705744,14,TEXT_T,TEXT_T,TEXT_T,TEXT_T,TEXT_T,TEXT_T,0.9512,TEXT_P,0.0454,TEXT,0.0034000000000000002
CTX196706503A,122,DRAW,DRAW,DRAW,DRAW,DRAW,DRAW,0.9984,DRAW_L,0.0014,TEXT_T,0.0002
CTX196706800,47,PHOTO,PHOTO,PHOTO,PHOTO,PHOTO,PHOTO,1.0,,,,
CTX196801245,189,DRAW,DRAW,DRAW,DRAW,DRAW,DRAW,1.0,,,,
CTX196802470,26,TEXT_T,TEXT,TEXT_T,TEXT_T,TEXT_T,TEXT_T,0.8135999999999999,TEXT,0.129,LINE_T,0.056999999999999995
CTX196804887,2,TEXT,TEXT,TEXT,TEXT,TEXT,TEXT,1.0,,,,
CTX196806048,30,TEXT_T,TEXT_T,TEXT_T,TEXT_T,TEXT_T,TEXT_T,1.0,,,,
CTX196806061O,31,DRAW,DRAW,DRAW,DRAW,DRAW,DRAW,1.0,,,,
CTX196900279,3,TEXT,TEXT,TEXT,TEXT,TEXT,TEXT,0.9945999999999999,TEXT_T,0.005200000000000001,,
CTX196901691C,5,PHOTO,PHOTO,PHOTO,PHOTO,PHOTO,PHOTO,1.0,,,,
CTX196905094C,31,DRAW,DRAW,DRAW,DRAW,DRAW,DRAW,1.0,,,,
CTX196905657,1,TEXT,TEXT,TEXT,TEXT,TEXT,TEXT,0.9996,TEXT_T,0.0004,,
CTX197000570,29,PHOTO,PHOTO,PHOTO,PHOTO,PHOTO,PHOTO,1.0,,,,
CTX197001198I,24,DRAW_L,DRAW_L,DRAW,DRAW,DRAW,DRAW,0.6644,DRAW_L,0.3352,TEXT,0.0004
CTX197002609,1,PHOTO_L,DRAW_L,DRAW_L,DRAW_L,PHOTO_L,DRAW_L,0.541,PHOTO_L,0.4582,LINE_T,0.0004
CTX197003464A,11,TEXT_T,TEXT_T,TEXT_T,TEXT_T,TEXT_T,TEXT_T,1.0,,,,
CTX197005261,10,DRAW,DRAW,DRAW,DRAW,DRAW,DRAW,0.9994,PHOTO,0.0004,DRAW_L,0.0002
CTX197006009A,21,TEXT_T,TEXT_T,TEXT_T,TEXT_T,TEXT_T,TEXT_T,1.0,,,,
CTX197101430,3,TEXT_T,TEXT_T,TEXT_T,TEXT_T,TEXT_T,TEXT_T,1.0,,,,
CTX197103191,8,DRAW,DRAW,DRAW,DRAW,DRAW,DRAW,0.9998000000000001,,,,
CTX197104847G,1,DRAW,DRAW,DRAW,DRAW,DRAW,DRAW,1.0,,,,
CTX197105661H,27,PHOTO,PHOTO,PHOTO,PHOTO,PHOTO,PHOTO,1.0,,,,
CTX197106269C,14,PHOTO,PHOTO,PHOTO,PHOTO,PHOTO,PHOTO,1.0,,,,
CTX197106710,149,TEXT_T,TEXT_T,TEXT_T,TEXT_T,TEXT_T,TEXT_T,1.0,,,,
CTX197200126,3,TEXT_T,TEXT_T,TEXT_T,TEXT_T,TEXT_T,TEXT_T,0.9997999999999999,TEXT,0.0002,,
CTX197202928A,9,DRAW,DRAW,DRAW,DRAW,DRAW,DRAW,0.9996,DRAW_L,0.0004,,
CTX197203926,1,LINE_T,LINE_T,LINE_T,LINE_T,LINE_T,LINE_T,1.0,,,,
CTX197206041,1,LINE_T,LINE_T,LINE_HW,LINE_T,LINE_T,LINE_T,0.6942,LINE_HW,0.2468,TEXT,0.0588
CTX197206949,10,LINE_T,LINE_T,LINE_T,LINE_T,LINE_T,LINE_T,0.9996,LINE_P,0.0004,,
CTX197207792,218,LINE_HW,LINE_T,LINE_HW,LINE_P,LINE_HW,LINE_HW,0.4822,LINE_P,0.33819999999999995,LINE_T,0.1792
CTX197300509,1,LINE_T,LINE_T,LINE_T,LINE_T,LINE_T,LINE_T,1.0,,,,
CTX197302417,3,TEXT,TEXT,TEXT,TEXT_T,TEXT,TEXT,0.7958000000000001,TEXT_T,0.20339999999999997,LINE_T,0.0008
CTX197303617B,33,DRAW,DRAW,DRAW,DRAW,DRAW,DRAW,0.9997999999999999,,,,
CTX197305351,1,DRAW_L,DRAW_L,DRAW_L,DRAW_L,DRAW_L,DRAW_L,0.9997999999999999,PHOTO_L,0.0002,,
CTX197305769,17,DRAW_L,DRAW_L,DRAW_L,DRAW_L,DRAW_L,DRAW_L,0.9994,PHOTO_L,0.0006000000000000001,,
CTX197305899,4,LINE_T,LINE_T,LINE_T,LINE_T,LINE_T,LINE_T,1.0,,,,
CTX197306926,1,DRAW_L,DRAW_L,DRAW_L,DRAW_L,DRAW_L,DRAW_L,1.0,,,,
CTX197307319,38,LINE_T,LINE_T,LINE_T,LINE_T,LINE_T,LINE_T,0.9968,TEXT_T,0.0018000000000000002,LINE_P,0.0014
CTX197308273,38,LINE_HW,LINE_HW,LINE_HW,LINE_HW,LINE_HW,LINE_HW,0.969,PHOTO_L,0.020999999999999998,DRAW_L,0.009600000000000001
CTX197400353,38,LINE_T,LINE_HW,LINE_T,LINE_T,LINE_T,LINE_T,0.8028000000000001,LINE_HW,0.197,,
CTX197401271,1,LINE_T,LINE_T,LINE_T,LINE_T,LINE_T,LINE_T,1.0,,,,
CTX197401672,57,DRAW_L,DRAW_L,DRAW_L,LINE_T,DRAW_L,DRAW_L,0.7994,LINE_T,0.2004,,
CTX197401757B,52,LINE_T,LINE_T,LINE_T,LINE_T,LINE_T,LINE_T,0.9982,LINE_HW,0.0016,TEXT,0.0002
CTX197402886,87,DRAW,DRAW,DRAW,DRAW,DRAW,DRAW,1.0,,,,
CTX197403815,110,TEXT_T,TEXT_T,TEXT_T,TEXT_T,TEXT_T,TEXT_T,0.9952,TEXT,0.0048000000000000004,,
CTX197406473G,30,PHOTO,PHOTO,PHOTO,PHOTO,PHOTO,PHOTO,1.0,,,,
CTX197408817,18,TEXT_T,TEXT_T,TEXT_T,TEXT_T,TEXT_T,TEXT_T,0.9996,TEXT_P,0.0002,,
CTX197501879,4,TEXT_T,TEXT_T,TEXT_T,TEXT_T,TEXT_T,TEXT_T,0.9997999999999999,TEXT_P,0.0002,,
CTX197503410,22,TEXT_T,TEXT_T,TEXT_T,TEXT_T,TEXT_T,TEXT_T,0.9996,TEXT,0.0004,TEXT_P,0.0002
CTX197504830,1,LINE_T,LINE_T,LINE_T,LINE_T,LINE_T,LINE_T,1.0,,,,
CTX197507184,3,TEXT_T,TEXT_T,TEXT_T,TEXT_T,TEXT_T,TEXT_T,0.9986,TEXT_P,0.0008,TEXT,0.0002
CTX197508849,80,TEXT_T,TEXT_T,TEXT_T,TEXT_T,TEXT_T,TEXT_T,1.0,,,,
CTX197509472AC,17,DRAW_L,DRAW,DRAW,DRAW,DRAW,DRAW,0.8112,DRAW_L,0.1508,PHOTO,0.023799999999999998
CTX197509472Z,10,DRAW,DRAW,DRAW,DRAW,DRAW,DRAW,1.0,,,,
CTX197600921,2,TEXT_T,TEXT_T,TEXT_T,TEXT_T,TEXT_T,TEXT_T,0.9996,TEXT_P,0.0004,,
CTX197601623,1,LINE_T,LINE_T,LINE_T,LINE_T,LINE_T,LINE_T,1.0,,,,
CTX197603100,59,TEXT_T,TEXT_T,TEXT_T,TEXT_T,TEXT_T,TEXT_T,0.9997999999999999,TEXT,0.0002,,
CTX197603718,3,PHOTO_L,PHOTO_L,PHOTO_L,PHOTO_L,PHOTO_L,PHOTO_L,1.0,,,,
CTX197606544,4,TEXT_T,TEXT_T,TEXT_T,TEXT_T,TEXT_T,TEXT_T,0.9994,TEXT,0.0004,,
CTX197607220,27,DRAW,DRAW,DRAW,DRAW,DRAW,DRAW,0.9206,DRAW_L,0.0666,LINE_T,0.0082
CTX197700348,35,PHOTO,PHOTO,PHOTO,PHOTO,PHOTO,PHOTO,1.0,,,,
CTX197702386,28,DRAW,DRAW,DRAW,DRAW,DRAW,DRAW,1.0,,,,
CTX197702846D,43,LINE_T,LINE_T,LINE_T,LINE_T,LINE_T,LINE_T,0.9964000000000001,LINE_HW,0.0036,,
CTX197704241A,18,LINE_T,LINE_T,LINE_T,LINE_T,LINE_T,LINE_T,0.9952,LINE_P,0.0046,DRAW,0.0002
CTX197705626A,45,TEXT_T,TEXT_T,TEXT_P,TEXT_P,TEXT_T,TEXT_T,0.592,TEXT_P,0.4072,TEXT,0.0008
CTX197801147,17,TEXT_T,TEXT_T,TEXT_T,TEXT_T,TEXT_T,TEXT_T,0.9986,TEXT_P,0.0012000000000000001,TEXT,0.0002
CTX197802772,99,TEXT_T,TEXT_T,TEXT_T,TEXT_T,TEXT_T,TEXT_T,0.9997999999999999,,,,
CTX197804988,88,LINE_T,LINE_T,TEXT_T,TEXT_T,TEXT_T,TEXT_T,0.6164,LINE_T,0.3828,LINE_P,0.0008
CTX197807836,59,DRAW,DRAW,DRAW,DRAW,DRAW,DRAW,1.0,,,,
CTX197900519,9,DRAW,DRAW,DRAW,DRAW,DRAW,DRAW,0.9992000000000001,LINE_HW,0.0002,LINE_T,0.0002
CTX197903518,2,TEXT_HW,TEXT_HW,TEXT_HW,TEXT_HW,TEXT_HW,TEXT_HW,1.0,,,,
CTX197906302B,10,PHOTO,PHOTO,PHOTO,PHOTO,PHOTO,PHOTO,1.0,,,,
CTX197907845A,1,LINE_T,LINE_T,LINE_T,LINE_T,LINE_T,LINE_T,0.9994,TEXT_T,0.0006000000000000001,,
CTX198001408,107,DRAW,DRAW,DRAW,DRAW,DRAW,DRAW,1.0,,,,
CTX198002086A,17,PHOTO,PHOTO,PHOTO,PHOTO,PHOTO,PHOTO,1.0,,,,
CTX198004858,51,DRAW,DRAW,DRAW,DRAW,DRAW,DRAW,1.0,,,,
CTX198005273J,18,PHOTO,PHOTO,PHOTO,PHOTO,PHOTO,PHOTO,1.0,,,,
CTX198006789B,47,LINE_T,LINE_T,LINE_T,LINE_T,LINE_T,LINE_T,1.0,,,,
CTX198007146,165,TEXT_T,TEXT_T,TEXT_T,TEXT_T,TEXT_T,TEXT_T,1.0,,,,
CTX198100296,9,TEXT_T,TEXT_T,TEXT_T,TEXT_T,TEXT_T,TEXT_T,0.9766,TEXT_P,0.023200000000000002,TEXT,0.0002
CTX198101625,32,TEXT_T,TEXT_T,TEXT_T,TEXT_T,TEXT_T,TEXT_T,1.0,,,,
CTX198103076B,14,DRAW,DRAW,DRAW,DRAW,PHOTO,DRAW,0.7182000000000001,PHOTO,0.253,PHOTO_L,0.026000000000000002
CTX198104736,5,TEXT,TEXT,TEXT,TEXT,TEXT,TEXT,0.9566000000000001,TEXT_T,0.0432,DRAW,0.0002
CTX198105321A,38,DRAW,DRAW,DRAW,DRAW,DRAW,DRAW,0.9204000000000001,TEXT,0.0432,LINE_P,0.030199999999999998
CTX198200323,47,PHOTO_L,PHOTO_L,PHOTO_L,PHOTO_L,PHOTO_L,PHOTO_L,1.0,,,,
CTX198201137,33,DRAW,DRAW,DRAW,DRAW,DRAW,DRAW,1.0,,,,
CTX198203783,2,DRAW,DRAW,DRAW,DRAW,DRAW,DRAW,0.9996,DRAW_L,0.0002,,
CTX198204640,11,TEXT_T,TEXT_T,TEXT_T,TEXT_T,TEXT_T,TEXT_T,0.999,TEXT_P,0.0006000000000000001,LINE_T,0.0004
CTX198204836A,28,DRAW,DRAW,DRAW,DRAW,DRAW,DRAW,0.9996,DRAW_L,0.0004,,
CTX198204879U,16,DRAW,DRAW,DRAW,DRAW,DRAW,DRAW,0.9996,DRAW_L,0.0004,,
CTX198205051A,35,DRAW,DRAW,DRAW,DRAW,DRAW,DRAW,1.0,,,,
CTX198301331,1,LINE_T,LINE_T,LINE_T,LINE_T,LINE_T,LINE_T,1.0,,,,
CTX198302416A,39,TEXT_T,TEXT_T,TEXT_T,TEXT_T,TEXT_T,TEXT_T,0.9843999999999999,LINE_P,0.010600000000000002,TEXT_P,0.0044
CTX198303576,67,DRAW,DRAW,DRAW,DRAW,DRAW,DRAW,1.0,,,,
CTX198303943,24,TEXT_T,TEXT_T,TEXT_T,TEXT_T,TEXT_T,TEXT_T,0.9992000000000001,TEXT_P,0.0004,,
CTX198400690,46,DRAW,DRAW,DRAW,DRAW,DRAW,DRAW,0.9992000000000001,LINE_HW,0.0006000000000000001,LINE_T,0.0002
CTX198401742,21,PHOTO,PHOTO,PHOTO,PHOTO,PHOTO,PHOTO,1.0,,,,
CTX198401888C,54,DRAW,DRAW,DRAW,DRAW,DRAW,DRAW,0.9530000000000001,LINE_T,0.0378,DRAW_L,0.0094
CTX198500395,2,DRAW,DRAW,DRAW,DRAW,DRAW,DRAW,1.0,,,,
CTX198500722,14,LINE_T,TEXT_T,TEXT_T,TEXT_T,TEXT_T,TEXT_T,0.7766,LINE_T,0.2136,LINE_P,0.0102
CTX198502518,107,LINE_T,LINE_P,LINE_P,LINE_P,LINE_P,LINE_P,0.7996000000000001,LINE_T,0.1996,TEXT_P,0.0008
CTX198503645,176,DRAW_L,DRAW_L,DRAW_L,DRAW_L,DRAW_L,DRAW_L,0.9992000000000001,DRAW,0.0006000000000000001,PHOTO_L,0.0002
CTX198600325,16,DRAW,DRAW,DRAW,DRAW,DRAW,DRAW,1.0,,,,
CTX198601116,5,TEXT_T,TEXT_T,TEXT_T,TEXT_T,TEXT_T,TEXT_T,0.9997999999999999,,,,
CTX198602814,2,DRAW,DRAW,DRAW,DRAW,DRAW,DRAW,1.0,,,,
CTX198603688,3,TEXT_T,TEXT_T,TEXT_P,TEXT_T,TEXT_P,TEXT_T,0.5908,TEXT_P,0.3908,TEXT,0.0184
CTX198604498,67,TEXT_T,TEXT_T,TEXT_T,TEXT_T,TEXT_T,TEXT_T,0.9982,TEXT_P,0.0014,TEXT_HW,0.0004
CTX198701191B,56,PHOTO,PHOTO,PHOTO,PHOTO,PHOTO,PHOTO,1.0,,,,
CTX198702346,80,TEXT_T,TEXT_T,TEXT_T,TEXT_T,TEXT_T,TEXT_T,0.968,TEXT_P,0.0234,LINE_T,0.0082
CTX198703227,27,TEXT_T,TEXT_T,TEXT_T,TEXT_T,TEXT_T,TEXT_T,0.9997999999999999,TEXT,0.0002,,
CTX198703768,154,DRAW,DRAW,DRAW,DRAW,DRAW,DRAW,1.0,,,,
CTX198704035,10,DRAW,DRAW,DRAW,DRAW,DRAW,DRAW,1.0,,,,
CTX198800453,29,DRAW,DRAW,DRAW,DRAW,DRAW,DRAW,1.0,,,,
CTX198801584,1,TEXT,TEXT,TEXT,TEXT,TEXT,TEXT,1.0,,,,
CTX198802097L,24,PHOTO,PHOTO,PHOTO,PHOTO,PHOTO,PHOTO,1.0,,,,
CTX198802101A,26,PHOTO,PHOTO,PHOTO,PHOTO,PHOTO,PHOTO,1.0,,,,
CTX198802104B,5,TEXT_T,TEXT_T,TEXT_T,TEXT_T,TEXT_T,TEXT_T,0.944,TEXT,0.0494,TEXT_P,0.0066
CTX198802104H,15,PHOTO,PHOTO,PHOTO,PHOTO,PHOTO,PHOTO,1.0,,,,
CTX198802580,60,TEXT_T,TEXT_T,TEXT_T,TEXT_T,TEXT_T,TEXT_T,0.9997999999999999,,,,
CTX198804027,26,LINE_T,LINE_T,LINE_T,LINE_T,LINE_T,LINE_T,1.0,,,,
CTX198804416,36,PHOTO,PHOTO,PHOTO,PHOTO,PHOTO,PHOTO,1.0,,,,
CTX198900838,9,TEXT_T,TEXT_T,TEXT_T,TEXT_T,TEXT_T,TEXT_T,0.999,TEXT_P,0.0008,TEXT,0.0002
CTX198901592,166,TEXT_T,TEXT_T,TEXT_T,TEXT_T,TEXT_T,TEXT_T,1.0,,,,
CTX198903260,3,TEXT_T,TEXT,TEXT_T,TEXT_T,TEXT,TEXT,0.5382,TEXT_T,0.4614,DRAW,0.0002
CTX198903785,90,PHOTO,PHOTO,PHOTO,PHOTO,PHOTO,PHOTO,1.0,,,,
CTX199001056,20,TEXT_T,TEXT_T,TEXT_T,TEXT_T,TEXT_T,TEXT_T,0.9996,TEXT,0.0004,,
CTX199002105,3,TEXT_P,TEXT_P,TEXT_P,TEXT_P,TEXT_P,TEXT_P,1.0,,,,
CTX199002386,60,TEXT_T,TEXT_T,TEXT_T,TEXT_T,TEXT_T,TEXT_T,1.0,,,,
CTX199002826,89,TEXT_T,TEXT_T,TEXT_T,TEXT_T,TEXT_T,TEXT_T,0.9998000000000001,TEXT,0.0002,,
CTX199003162,1,LINE_T,LINE_T,LINE_T,LINE_T,LINE_T,LINE_T,1.0,,,,
CTX199003586N,78,DRAW,DRAW,DRAW,DRAW,DRAW,DRAW,0.9965999999999999,PHOTO,0.003,TEXT,0.0002
CTX199003587B,121,DRAW,DRAW,DRAW,DRAW,DRAW,DRAW,0.9964000000000001,PHOTO,0.0034000000000000002,,
CTX199003588G,59,DRAW,DRAW,DRAW,DRAW,DRAW,DRAW,0.9875999999999999,PHOTO,0.0092,DRAW_L,0.003
CTX199003676O,80,PHOTO,DRAW,DRAW,PHOTO,DRAW,DRAW,0.6406000000000001,PHOTO,0.3578,TEXT,0.001
CTX199003678,102,LINE_T,LINE_T,LINE_T,LINE_T,LINE_T,LINE_T,0.9938,LINE_HW,0.0032,LINE_P,0.003
CTX199004124,98,PHOTO,PHOTO,PHOTO,PHOTO,PHOTO,PHOTO,1.0,,,,
CTX199004396,1,TEXT,TEXT,TEXT,TEXT,TEXT,TEXT,1.0,,,,
CTX199004522,61,DRAW,DRAW,DRAW,DRAW,DRAW,DRAW,0.9936,LINE_T,0.0036,DRAW_L,0.002
CTX199004525I,14,DRAW_L,DRAW_L,DRAW_L,DRAW_L,DRAW_L,DRAW_L,0.9992000000000001,DRAW,0.0006000000000000001,,
CTX199100898,10,TEXT_T,TEXT_T,TEXT_T,TEXT_T,TEXT_T,TEXT_T,0.9996,LINE_T,0.0002,TEXT,0.0002
CTX199101756A,42,LINE_HW,LINE_T,LINE_T,LINE_T,LINE_T,LINE_T,0.8625999999999999,LINE_HW,0.13740000000000002,,
CTX199102416A,16,TEXT_T,TEXT_T,TEXT_T,TEXT_T,TEXT_T,TEXT_T,1.0,,,,
CTX199102416K,93,DRAW,DRAW,DRAW,DRAW,DRAW,DRAW,1.0,,,,
CTX199103125,1,LINE_T,LINE_T,LINE_T,LINE_T,LINE_T,LINE_T,1.0,,,,
CTX199103913,9,TEXT_T,TEXT_T,TEXT_T,TEXT_T,TEXT_T,TEXT_T,0.9997999999999999,TEXT_P,0.0002,,
CTX199104189,6,LINE_P,LINE_T,LINE_P,LINE_P,LINE_P,LINE_P,0.6946,LINE_T,0.3046,LINE_HW,0.0004
CTX199104289A,2,PHOTO,PHOTO,PHOTO,PHOTO,PHOTO,PHOTO,1.0,,,,
CTX199104289K,90,DRAW,DRAW,DRAW,DRAW,DRAW,DRAW,1.0,,,,
CTX199104335,29,PHOTO,PHOTO,PHOTO,PHOTO,PHOTO,PHOTO,1.0,,,,
CTX199104407A,21,LINE_HW,LINE_HW,LINE_HW,LINE_HW,LINE_HW,LINE_HW,1.0,,,,
CTX199200024A,49,DRAW_L,DRAW,DRAW_L,DRAW_L,DRAW_L,DRAW_L,0.701,DRAW,0.2764,LINE_HW,0.0222
CTX199201073A,35,PHOTO,PHOTO,PHOTO,PHOTO,PHOTO,PHOTO,1.0,,,,
CTX199202428,10,TEXT_P,TEXT_P,TEXT_P,TEXT_P,TEXT_P,TEXT_P,0.9987999999999999,TEXT_T,0.001,LINE_P,0.0002
CTX199203484,6,DRAW,DRAW,DRAW,DRAW,DRAW,DRAW,0.8959999999999999,LINE_P,0.10359999999999998,LINE_T,0.0002
CTX199203990B,7,TEXT,TEXT_T,TEXT_T,TEXT_T,LINE_T,TEXT_T,0.6574,TEXT,0.18480000000000002,LINE_T,0.15360000000000001
CTX199204160,14,TEXT_P,TEXT_P,TEXT_P,TEXT_P,TEXT_P,TEXT_P,0.9496,TEXT_T,0.05,LINE_P,0.0006000000000000001
CTX199204193,1,LINE_T,LINE_T,LINE_T,LINE_T,LINE_T,LINE_T,1.0,,,,
CTX199300726,26,DRAW,DRAW,DRAW,DRAW,DRAW,DRAW,0.9962,PHOTO,0.0032,DRAW_L,0.0006000000000000001
CTX199301182,63,DRAW,DRAW,DRAW,DRAW,DRAW,DRAW,0.9986,DRAW_L,0.0012000000000000001,,
CTX199303541,11,DRAW,DRAW,DRAW,DRAW,DRAW,DRAW,1.0,,,,
CTX199400067A,67,LINE_T,LINE_T,LINE_T,LINE_T,LINE_T,LINE_T,0.9998000000000001,LINE_HW,0.0002,,
CTX199401814,3,DRAW,DRAW,DRAW,DRAW,DRAW,DRAW,0.9843999999999999,DRAW_L,0.0154,,
CTX199405385A,15,PHOTO,PHOTO,PHOTO,PHOTO,PHOTO,PHOTO,1.0,,,,
CTX199405584A,56,DRAW,DRAW,DRAW,DRAW,DRAW,DRAW,1.0,,,,
CTX199407200,6,TEXT_T,TEXT_T,TEXT_T,TEXT_T,TEXT_T,TEXT_T,0.998,TEXT,0.0016,TEXT_P,0.0004
CTX199500377,8,PHOTO,PHOTO,PHOTO,PHOTO,PHOTO,PHOTO,1.0,,,,
CTX199502755A,20,DRAW,DRAW,DRAW,DRAW,DRAW,DRAW,0.9998000000000001,,,,
CTX199504932,17,TEXT_P,TEXT_P,TEXT_P,TEXT_P,TEXT_P,TEXT_P,1.0,,,,
CTX199505620,32,LINE_HW,LINE_HW,LINE_HW,LINE_HW,LINE_HW,LINE_HW,1.0,,,,
CTX199600359,26,TEXT_P,TEXT_P,TEXT_P,TEXT_P,TEXT_P,TEXT_P,1.0,,,,
CTX199601555A,101,PHOTO,PHOTO,PHOTO,PHOTO,PHOTO,PHOTO,1.0,,,,
CTX199601926H,33,LINE_HW,LINE_HW,LINE_HW,LINE_HW,LINE_HW,LINE_HW,1.0,,,,
CTX199603564,41,TEXT_T,TEXT_T,TEXT_T,TEXT_T,TEXT_T,TEXT_T,1.0,,,,
CTX199604924A,74,LINE_P,LINE_P,LINE_P,LINE_P,LINE_P,LINE_P,1.0,,,,
CTX199604942,37,PHOTO,PHOTO,PHOTO,PHOTO,PHOTO,PHOTO,1.0,,,,
CTX199605671,15,PHOTO,PHOTO,PHOTO,PHOTO,PHOTO,PHOTO,1.0,,,,
CTX199605768,183,TEXT_P,TEXT_P,TEXT_P,TEXT_P,TEXT_P,TEXT_P,1.0,,,,
CTX199700417,2,LINE_T,LINE_T,LINE_T,LINE_T,LINE_T,LINE_T,1.0,,,,
CTX199703458,56,LINE_P,LINE_P,LINE_P,LINE_P,LINE_P,LINE_P,1.0,,,,
CTX199704829A,19,PHOTO,PHOTO,PHOTO,PHOTO,PHOTO,PHOTO,1.0,,,,
CTX199706725,96,DRAW,DRAW,DRAW,DRAW,DRAW,DRAW,1.0,,,,
CTX199707119,15,PHOTO,PHOTO,PHOTO,PHOTO,PHOTO,PHOTO,1.0,,,,
CTX199801535,12,DRAW,DRAW,DRAW,DRAW_L,DRAW,DRAW,0.7962,DRAW_L,0.203,TEXT,0.0006000000000000001
CTX199803035,84,DRAW_L,DRAW_L,DRAW_L,DRAW_L,DRAW_L,DRAW_L,0.998,DRAW,0.002,,
CTX199803815,4,TEXT_P,TEXT_P,TEXT_P,TEXT_P,TEXT_P,TEXT_P,0.9178000000000001,TEXT_T,0.081,LINE_P,0.0008
CTX199803815N,37,DRAW,DRAW,DRAW,DRAW,DRAW,DRAW,0.9997999999999999,DRAW_L,0.0002,,
CTX199804173,7,TEXT_P,TEXT_P,TEXT_P,TEXT_P,TEXT_P,TEXT_P,0.9648,TEXT_T,0.034800000000000005,,
CTX199805567,45,TEXT_T,TEXT_T,TEXT_T,TEXT_T,TEXT_T,TEXT_T,0.9305999999999999,TEXT_P,0.0682,LINE_P,0.001
CTX199806540A,43,DRAW,DRAW,DRAW,DRAW,DRAW,DRAW,1.0,,,,
CTX199806540F,101,DRAW,DRAW,DRAW,DRAW,DRAW,DRAW,0.9986,LINE_HW,0.0012000000000000001,DRAW_L,0.0002
CTX199806841,61,PHOTO,PHOTO,PHOTO,PHOTO,PHOTO,PHOTO,1.0,,,,
CTX199901143,16,TEXT_P,TEXT_P,TEXT_P,TEXT_P,TEXT_P,TEXT_P,1.0,,,,
CTX199901600,13,TEXT_P,TEXT_P,TEXT_P,TEXT_P,TEXT_P,TEXT_P,1.0,,,,
CTX199903232,4,TEXT_P,TEXT_P,TEXT_P,TEXT_P,TEXT_P,TEXT_P,1.0,,,,
CTX199904249,64,TEXT_P,TEXT_P,TEXT_P,TEXT_P,TEXT_P,TEXT_P,1.0,,,,
CTX199904402C,17,TEXT_P,TEXT_T,TEXT_T,TEXT_P,TEXT_T,TEXT_T,0.5928,TEXT_P,0.4018,TEXT,0.004999999999999999
CTX199905115,1,TEXT,TEXT,TEXT_P,TEXT,TEXT,TEXT,0.8064,TEXT_P,0.19319999999999998,TEXT_T,0.0004
CTX199907415,17,TEXT_P,TEXT_P,TEXT_P,TEXT_P,TEXT_P,TEXT_P,1.0,,,,
CTX199908194,123,LINE_P,LINE_P,LINE_P,LINE_P,LINE_P,LINE_P,0.9996,TEXT_P,0.0004,,
CTX200000170,4,DRAW_L,DRAW_L,DRAW_L,DRAW_L,DRAW_L,DRAW_L,1.0,,,,
CTX200001135,3,TEXT_P,TEXT_P,TEXT_P,TEXT_P,TEXT_P,TEXT_P,1.0,,,,
CTX200001409,91,DRAW,DRAW,DRAW,DRAW,DRAW,DRAW,0.9693999999999999,DRAW_L,0.03,LINE_P,0.0004
CTX200002883,153,DRAW,DRAW,DRAW,DRAW,DRAW,DRAW,1.0,,,,
CTX200005117,619,LINE_HW,LINE_HW,LINE_HW,LINE_HW,LINE_HW,LINE_HW,1.0,,,,
CTX200005282,15,TEXT_P,TEXT_P,TEXT_P,TEXT_P,TEXT_P,TEXT_P,1.0,,,,
CTX200005798,100,DRAW,DRAW,DRAW,DRAW,DRAW,DRAW,1.0,,,,
CTX200009014,35,LINE_P,LINE_P,LINE_P,LINE_P,LINE_P,LINE_P,1.0,,,,
CTX200009544,33,DRAW,DRAW,DRAW,DRAW,DRAW,DRAW,0.9756,DRAW_L,0.024399999999999998,,
CTX200100004,76,DRAW_L,DRAW_L,DRAW_L,DRAW_L,DRAW_L,DRAW_L,0.9992000000000001,DRAW,0.0008,,
CTX200101443,29,PHOTO,PHOTO,PHOTO,PHOTO,PHOTO,PHOTO,1.0,,,,
CTX200101612,62,DRAW_L,DRAW_L,DRAW_L,DRAW_L,DRAW_L,DRAW_L,0.9987999999999999,DRAW,0.001,,
CTX200102715,131,TEXT_HW,TEXT_HW,TEXT_HW,TEXT_HW,TEXT_HW,TEXT_HW,1.0,,,,
CTX200104178,52,LINE_P,LINE_P,LINE_P,LINE_P,LINE_P,LINE_P,0.9997999999999999,,,,
CTX200106787,2,DRAW,DRAW,DRAW,DRAW,DRAW,DRAW,1.0,,,,
CTX200108843A,21,DRAW,DRAW,DRAW,DRAW,DRAW,DRAW,1.0,,,,
CTX200109181A,159,PHOTO,PHOTO,PHOTO,PHOTO,PHOTO,PHOTO,1.0,,,,
CTX200109450,1,LINE_T,LINE_T,LINE_T,LINE_T,LINE_T,LINE_T,1.0,,,,
CTX200200780,7,TEXT_P,TEXT_P,TEXT_P,TEXT_P,TEXT_P,TEXT_P,1.0,,,,
CTX200201809,190,TEXT_P,TEXT_P,TEXT_P,TEXT_P,TEXT_P,TEXT_P,1.0,,,,
CTX200201809,1190,DRAW_L,DRAW_L,DRAW_L,DRAW_L,DRAW_L,DRAW_L,1.0,,,,
CTX200201809A,735,LINE_P,LINE_P,LINE_P,LINE_P,LINE_P,LINE_P,1.0,,,,
CTX200201809B,715,DRAW_L,DRAW_L,DRAW_L,DRAW_L,DRAW_L,DRAW_L,1.0,,,,
CTX200201809C,399,DRAW_L,DRAW_L,DRAW_L,DRAW_L,DRAW_L,DRAW_L,1.0,,,,
CTX200201809D,190,LINE_P,LINE_P,LINE_P,LINE_P,LINE_P,LINE_P,1.0,,,,
CTX200201809E,458,TEXT_P,TEXT_P,TEXT_P,TEXT_P,TEXT_P,TEXT_P,1.0,,,,
CTX200201809F,613,PHOTO,PHOTO,PHOTO,PHOTO,PHOTO,PHOTO,1.0,,,,
CTX200203040,19,LINE_P,LINE_P,LINE_P,LINE_P,LINE_P,LINE_P,1.0,,,,
CTX200205116,40,DRAW,DRAW,DRAW,DRAW,DRAW,DRAW,0.9994,DRAW_L,0.0006000000000000001,,
CTX200207486,7,TEXT_P,TEXT_P,TEXT_P,TEXT_P,TEXT_P,TEXT_P,1.0,,,,
CTX200208644,32,LINE_P,LINE_P,LINE_P,LINE_P,LINE_P,LINE_P,0.998,TEXT_P,0.0014,DRAW,0.0004
CTX200300403,260,DRAW,DRAW,DRAW,DRAW,DRAW,DRAW,1.0,,,,
CTX200300497B,175,DRAW_L,DRAW_L,DRAW_L,DRAW_L,DRAW_L,DRAW_L,0.9997999999999999,DRAW,0.0002,,
CTX200300734,24,PHOTO,PHOTO,PHOTO,PHOTO,PHOTO,PHOTO,1.0,,,,
CTX200301006,447,TEXT_P,TEXT_P,TEXT_P,TEXT_P,TEXT_P,TEXT_P,0.9996,LINE_HW,0.0002,,
CTX200302387,9,TEXT_P,TEXT_P,TEXT_P,TEXT_P,TEXT_P,TEXT_P,1.0,,,,
CTX200303530,48,PHOTO,PHOTO,PHOTO,PHOTO,PHOTO,PHOTO,1.0,,,,
CTX200305164,5,TEXT_P,LINE_P,TEXT_P,LINE_P,TEXT_P,TEXT_P,0.6394,LINE_P,0.36,DRAW,0.0004
CTX200307990,3,TEXT_P,TEXT_P,TEXT_P,TEXT_P,TEXT_P,TEXT_P,0.9997999999999999,TEXT_T,0.0002,,
CTX200309056,24,DRAW_L,DRAW,DRAW_L,DRAW_L,DRAW_L,DRAW_L,0.7696,DRAW,0.22960000000000003,LINE_P,0.0004
CTX200400140,7,TEXT_P,TEXT_P,TEXT_P,TEXT_P,TEXT_P,TEXT_P,1.0,,,,
CTX200401591,12,PHOTO,PHOTO,PHOTO,PHOTO,PHOTO,PHOTO,1.0,,,,
CTX200402111,317,PHOTO,PHOTO,PHOTO,PHOTO,PHOTO,PHOTO,1.0,,,,
CTX200402877,62,DRAW,DRAW,DRAW,DRAW,DRAW,DRAW,1.0,,,,
CTX200403211,3,DRAW,DRAW,DRAW,DRAW,DRAW,DRAW,0.9608000000000001,DRAW_L,0.039,TEXT_T,0.0002
CTX200404159,158,DRAW,DRAW,DRAW,DRAW,DRAW,DRAW,0.9879999999999999,TEXT,0.012,,
CTX200405060,308,DRAW,DRAW,DRAW,DRAW,DRAW,DRAW,0.9986,DRAW_L,0.0014,,
CTX200406937,198,TEXT_P,TEXT_P,TEXT_P,TEXT_P,TEXT_P,TEXT_P,0.9984,TEXT_T,0.0014,TEXT,0.0004
CTX200500085,31,TEXT_P,TEXT_P,TEXT_P,TEXT_P,TEXT_P,TEXT_P,1.0,,,,
CTX200501000,379,LINE_P,LINE_P,LINE_P,LINE_P,LINE_P,LINE_P,1.0,,,,
CTX200501705,37,DRAW,DRAW,DRAW,DRAW,DRAW,DRAW,1.0,,,,
CTX200502255,7,TEXT_P,TEXT_P,TEXT_P,TEXT_P,TEXT_P,TEXT_P,1.0,,,,
CTX200502635,6,TEXT_P,TEXT_P,TEXT_P,TEXT_P,TEXT_P,TEXT_P,1.0,,,,
CTX200502654,47,PHOTO,PHOTO,PHOTO,PHOTO,PHOTO,PHOTO,1.0,,,,
CTX200503471,93,LINE_P,LINE_HW,LINE_HW,LINE_HW,LINE_HW,LINE_HW,0.8568,LINE_P,0.1204,DRAW,0.0194
CTX200505647,33,PHOTO_L,PHOTO_L,PHOTO_L,PHOTO_L,PHOTO_L,PHOTO_L,0.9997999999999999,PHOTO,0.0002,,
CTX200508044,19,TEXT_P,TEXT_P,TEXT_P,TEXT_P,TEXT_P,TEXT_P,1.0,,,,
CTX200509019,10,TEXT_P,TEXT_P,TEXT_P,TEXT_P,TEXT_P,TEXT_P,0.9984,TEXT,0.0014,,
CTX200510125,99,PHOTO,PHOTO,PHOTO,PHOTO,PHOTO,PHOTO,1.0,,,,
CTX200600148,22,TEXT_P,TEXT_P,TEXT_P,TEXT_P,TEXT_P,TEXT_P,1.0,,,,
CTX200601424,60,DRAW_L,DRAW_L,DRAW_L,DRAW_L,DRAW_L,DRAW_L,0.9997999999999999,DRAW,0.0002,,
CTX200602122,65,TEXT_P,TEXT_P,TEXT_P,TEXT_P,TEXT_P,TEXT_P,1.0,,,,
CTX200603303,89,DRAW,DRAW,DRAW,DRAW,DRAW,DRAW,0.9975999999999999,DRAW_L,0.0018,TEXT,0.0006000000000000001
CTX200604112,36,DRAW,DRAW,DRAW,DRAW,DRAW,DRAW,0.9842000000000001,TEXT,0.011,DRAW_L,0.0048000000000000004
CTX200604136,16,TEXT_P,TEXT_P,TEXT_P,TEXT_P,TEXT_P,TEXT_P,1.0,,,,
CTX200605396,29,TEXT_P,TEXT_P,TEXT_P,TEXT_P,TEXT_P,TEXT_P,0.999,TEXT,0.001,,
CTX200605918,2,PHOTO,PHOTO,PHOTO,PHOTO,PHOTO,PHOTO,1.0,,,,
CTX200607772,316,DRAW,DRAW,DRAW,DRAW,DRAW,DRAW,0.9124000000000001,LINE_P,0.0688,PHOTO,0.0072
CTX200608521,27,DRAW,DRAW,DRAW,DRAW,DRAW,DRAW,1.0,,,,
CTX200610028,55,DRAW,DRAW,DRAW,DRAW,DRAW,DRAW,1.0,,,,
CTX200611192,21,DRAW_L,DRAW_L,DRAW_L,DRAW_L,DRAW_L,DRAW_L,1.0,,,,
CTX200700760,63,DRAW,DRAW,DRAW,DRAW,DRAW,DRAW,1.0,,,,
CTX200702268,71,DRAW,DRAW,DRAW,DRAW,DRAW,DRAW,0.9545999999999999,DRAW_L,0.0432,LINE_P,0.0021999999999999997
CTX200702296,11,LINE_P,LINE_P,LINE_P,LINE_P,LINE_P,LINE_P,1.0,,,,
CTX200702339,2,TEXT,TEXT,DRAW,TEXT,TEXT,TEXT,0.8106,DRAW,0.18860000000000002,DRAW_L,0.0004
CTX200703330,65,LINE_HW,LINE_HW,LINE_HW,LINE_HW,LINE_HW,LINE_HW,0.9922000000000001,LINE_P,0.0054,DRAW_L,0.0021999999999999997
CTX200705495,21,TEXT_P,TEXT_P,TEXT_P,TEXT_P,TEXT_P,TEXT_P,1.0,,,,
CTX200706966D,72,DRAW_L,DRAW_L,LINE_HW,DRAW_L,DRAW_L,DRAW_L,0.7938000000000001,LINE_HW,0.175,DRAW,0.0196
CTX200707029,17,TEXT_P,TEXT_P,TEXT_P,TEXT_P,TEXT_P,TEXT_P,0.9997999999999999,TEXT,0.0002,,
CTX200708305,34,PHOTO,DRAW,PHOTO,PHOTO,PHOTO,PHOTO,0.8001999999999999,DRAW,0.1998,,
CTX200710043,8,TEXT_P,TEXT_P,TEXT_P,TEXT_P,TEXT_P,TEXT_P,1.0,,,,
CTX200710049,607,LINE_P,LINE_P,LINE_P,LINE_P,LINE_P,LINE_P,1.0,,,,
CTX200710594,19,TEXT_P,TEXT_P,TEXT_P,TEXT_P,TEXT_P,TEXT_P,1.0,,,,
CTX200711050A,293,DRAW,DRAW,DRAW,DRAW,DRAW,DRAW,1.0,,,,
CTX200711406,33,PHOTO,PHOTO,PHOTO,PHOTO,PHOTO,PHOTO,1.0,,,,
CTX200712342,63,LINE_P,LINE_P,LINE_P,LINE_P,LINE_P,LINE_P,1.0,,,,
CTX200712440,34,DRAW,LINE_HW,DRAW,DRAW,DRAW,DRAW,0.8,LINE_HW,0.1996,TEXT_T,0.0004
CTX200800200,79,LINE_P,LINE_P,LINE_P,LINE_P,LINE_P,LINE_P,1.0,,,,
CTX200800939,120,LINE_P,LINE_P,LINE_P,LINE_P,LINE_P,LINE_P,1.0,,,,
CTX200802209,33,DRAW_L,DRAW_L,DRAW_L,DRAW_L,DRAW_L,DRAW_L,1.0,,,,
CTX200802678,161,PHOTO_L,PHOTO_L,PHOTO_L,PHOTO,PHOTO_L,PHOTO_L,0.7978,PHOTO,0.20179999999999998,,
CTX200802804,12,TEXT_P,TEXT_P,TEXT_P,TEXT_P,TEXT_P,TEXT_P,1.0,,,,
CTX200802824,41,DRAW,DRAW,DRAW,DRAW,DRAW,DRAW,1.0,,,,
CTX200803498,21,TEXT_P,TEXT_P,TEXT_P,TEXT_P,TEXT_P,TEXT_P,1.0,,,,
CTX200805762,3,TEXT_P,TEXT_P,TEXT_P,TEXT_P,TEXT_P,TEXT_P,1.0,,,,
CTX200806487,118,PHOTO,PHOTO,PHOTO,PHOTO,PHOTO,PHOTO,1.0,,,,
CTX200807833,166,DRAW,DRAW,DRAW,DRAW,DRAW,DRAW,1.0,,,,
CTX200808540,438,DRAW_L,DRAW_L,DRAW_L,DRAW_L,DRAW_L,DRAW_L,0.9996,PHOTO_L,0.0002,,
CTX200808540,1438,DRAW_L,DRAW_L,DRAW_L,DRAW_L,DRAW_L,DRAW_L,0.999,PHOTO_L,0.001,,
CTX200808540A,630,PHOTO,PHOTO,PHOTO,PHOTO,PHOTO,PHOTO,1.0,,,,
CTX200808540B,835,LINE_P,LINE_P,LINE_P,LINE_P,LINE_P,LINE_P,1.0,,,,
CTX200810484,9,DRAW,DRAW,DRAW,DRAW,DRAW,DRAW,1.0,,,,
CTX200811412,97,DRAW,PHOTO,PHOTO,PHOTO,PHOTO,PHOTO,0.873,DRAW,0.12079999999999999,TEXT_T,0.0064
CTX200811416,2,TEXT_P,TEXT_P,TEXT_P,TEXT_P,TEXT_P,TEXT_P,0.9874,LINE_P,0.0124,TEXT,0.0002
CTX200813087,22,LINE_P,LINE_P,LINE_P,LINE_P,LINE_P,LINE_P,1.0,,,,
CTX200813451,53,LINE_P,LINE_P,LINE_P,LINE_P,LINE_P,LINE_P,1.0,,,,
CTX200900701,238,PHOTO,PHOTO,PHOTO,PHOTO,PHOTO,PHOTO,1.0,,,,
CTX200901099,2,TEXT_P,TEXT_P,TEXT_P,TEXT_P,TEXT_P,TEXT_P,0.9997999999999999,TEXT_T,0.0002,,
CTX200901685,63,DRAW_L,DRAW_L,DRAW_L,DRAW_L,DRAW_L,DRAW_L,0.9968,DRAW,0.003,,
CTX200902404,6,DRAW,DRAW,DRAW,DRAW,DRAW,DRAW,1.0,,,,
CTX200902494,241,LINE_P,LINE_P,LINE_P,LINE_P,LINE_P,LINE_P,1.0,,,,
CTX200903052,2,DRAW,DRAW,DRAW,DRAW,DRAW,DRAW,1.0,,,,
CTX200903467B,80,TEXT_P,TEXT_P,TEXT_P,TEXT_P,TEXT_P,TEXT_P,1.0,,,,
CTX200903467D,213,LINE_P,LINE_P,LINE_P,LINE_P,LINE_P,LINE_P,1.0,,,,
CTX200903467G,60,PHOTO,PHOTO,PHOTO,PHOTO,PHOTO,PHOTO,1.0,,,,
CTX200903816,17,PHOTO,PHOTO,PHOTO,PHOTO,PHOTO,PHOTO,1.0,,,,
CTX200903835,4,TEXT_P,TEXT_P,TEXT_P,TEXT_P,TEXT_P,TEXT_P,1.0,,,,
CTX200904291,31,LINE_P,LINE_P,LINE_P,LINE_P,LINE_P,LINE_P,1.0,,,,
CTX200905128C,2,DRAW_L,DRAW,DRAW_L,DRAW_L,DRAW_L,DRAW_L,0.7998000000000001,DRAW,0.2,,
CTX200905352,90,PHOTO,PHOTO,PHOTO,PHOTO,PHOTO,PHOTO,1.0,,,,
CTX200908088,14,TEXT_P,TEXT_P,TEXT_P,TEXT_P,TEXT_P,TEXT_P,1.0,,,,
CTX200909487,33,LINE_P,LINE_P,LINE_P,LINE_P,LINE_P,LINE_P,1.0,,,,
CTX200910863A,98,DRAW,DRAW,DRAW,TEXT,DRAW,DRAW,0.8406,TEXT,0.15760000000000002,DRAW_L,0.0016
CTX200911483,8,PHOTO,PHOTO,PHOTO,PHOTO,PHOTO,PHOTO,1.0,,,,
CTX200912864,54,TEXT_P,TEXT_P,TEXT_P,TEXT_P,TEXT_P,TEXT_P,1.0,,,,
CTX200914752,23,LINE_P,LINE_P,LINE_P,LINE_P,LINE_P,LINE_P,1.0,,,,
CTX200915804A,115,DRAW_L,DRAW_L,DRAW_L,DRAW_L,DRAW_L,DRAW_L,1.0,,,,
CTX201000566,31,LINE_HW,LINE_HW,LINE_HW,LINE_HW,DRAW_L,LINE_HW,0.77,DRAW_L,0.1352,DRAW,0.048400000000000006
CTX201000713,830,LINE_P,LINE_P,LINE_P,LINE_P,LINE_P,LINE_P,1.0,,,,
CTX201000713B,115,PHOTO,PHOTO,PHOTO,PHOTO,PHOTO,PHOTO,1.0,,,,
CTX201000760,38,TEXT_P,TEXT_P,TEXT_P,TEXT_P,TEXT_P,TEXT_P,1.0,,,,
CTX201001332,41,TEXT_P,TEXT_P,TEXT_P,TEXT_P,TEXT_P,TEXT_P,1.0,,,,
CTX201001607B,229,PHOTO,PHOTO,PHOTO,PHOTO,PHOTO,PHOTO,1.0,,,,
CTX201001863,956,LINE_P,LINE_P,LINE_P,LINE_P,LINE_P,LINE_P,1.0,,,,
CTX201001901,742,LINE_P,LINE_P,LINE_P,LINE_P,LINE_P,LINE_P,0.9997999999999999,LINE_T,0.0002,,
CTX201001901A,274,DRAW_L,DRAW_L,DRAW_L,DRAW_L,DRAW_L,DRAW_L,1.0,,,,
CTX201004071,8,TEXT_P,TEXT_P,TEXT_P,TEXT_P,TEXT_P,TEXT_P,1.0,,,,
CTX201004107,72,PHOTO,PHOTO,PHOTO,PHOTO,PHOTO,PHOTO,1.0,,,,
CTX201004126,1,PHOTO,PHOTO,PHOTO,PHOTO,PHOTO,PHOTO,1.0,,,,
CTX201004294,1,TEXT_P,TEXT_P,TEXT_P,TEXT_P,TEXT_P,TEXT_P,0.9423999999999999,TEXT,0.0466,LINE_P,0.0076
CTX201004325,22,TEXT_P,TEXT_P,TEXT_P,TEXT_P,TEXT_P,TEXT_P,1.0,,,,
CTX201004988,20,TEXT_P,TEXT_P,TEXT_P,TEXT_P,TEXT_P,TEXT_P,1.0,,,,
CTX201005208,56,PHOTO,PHOTO,PHOTO,PHOTO,PHOTO,PHOTO,0.9904,DRAW,0.0078,PHOTO_L,0.001
CTX201006876,20,DRAW,DRAW,DRAW,DRAW,DRAW,DRAW,0.8949999999999999,DRAW_L,0.1044,TEXT,0.0002
CTX201007260,2,TEXT_P,TEXT_P,TEXT_P,TEXT_P,TEXT_P,TEXT_P,0.9996,TEXT,0.0002,TEXT_T,0.0002
CTX201007359,66,PHOTO,PHOTO,PHOTO,PHOTO,PHOTO,PHOTO,1.0,,,,
CTX201007374,3,TEXT_P,TEXT_P,TEXT_P,TEXT_P,TEXT_P,TEXT_P,1.0,,,,
CTX201007753,120,DRAW,DRAW_L,DRAW_L,DRAW,DRAW,DRAW,0.624,DRAW_L,0.376,,
CTX201007898A,156,DRAW,DRAW,DRAW,DRAW,DRAW,DRAW,0.9970000000000001,DRAW_L,0.003,,
CTX201100041A,495,TEXT_P,TEXT_P,TEXT_P,TEXT_P,TEXT_P,TEXT_P,1.0,,,,
CTX201100135,12,TEXT_P,TEXT_P,TEXT_P,TEXT_P,TEXT_P,TEXT_P,1.0,,,,
CTX201100541,649,LINE_P,LINE_P,LINE_P,LINE_P,LINE_P,LINE_P,1.0,,,,
CTX201100541,1649,LINE_P,LINE_P,LINE_P,LINE_P,LINE_P,LINE_P,1.0,,,,
CTX201100614,69,PHOTO,PHOTO,PHOTO,PHOTO,PHOTO,PHOTO,1.0,,,,
CTX201100615,920,LINE_P,LINE_P,LINE_P,LINE_P,LINE_P,LINE_P,1.0,,,,
CTX201100846,16,LINE_P,LINE_P,LINE_P,LINE_P,LINE_P,LINE_P,0.9997999999999999,DRAW,0.0002,,
CTX201100936,48,DRAW,DRAW,DRAW,DRAW,DRAW,DRAW,1.0,,,,
CTX201101171,4,LINE_P,TEXT_P,TEXT_P,TEXT_P,TEXT_P,TEXT_P,0.834,LINE_P,0.1656,DRAW,0.0004
CTX201101244,1,PHOTO,PHOTO,PHOTO,PHOTO,PHOTO,PHOTO,1.0,,,,
CTX201101321,180,DRAW_L,DRAW_L,DRAW_L,DRAW_L,DRAW_L,DRAW_L,1.0,,,,
CTX201101323,887,PHOTO,PHOTO,PHOTO,PHOTO,PHOTO,PHOTO,1.0,,,,
CTX201101987,13,PHOTO,DRAW,DRAW,DRAW,DRAW,DRAW,0.7598,PHOTO,0.24020000000000002,,
CTX201102102,22,LINE_P,LINE_P,LINE_P,LINE_P,LINE_P,LINE_P,1.0,,,,
CTX201102799,12,TEXT_P,TEXT_P,TEXT_P,TEXT_P,TEXT_P,TEXT_P,1.0,,,,
CTX201102934,435,DRAW,DRAW,DRAW,DRAW,DRAW,DRAW,0.9864,TEXT_P,0.0078,TEXT,0.003
CTX201103273,134,LINE_P,LINE_P,LINE_P,LINE_P,LINE_P,LINE_P,1.0,,,,
CTX201103402A,75,DRAW_L,DRAW_L,DRAW_L,DRAW_L,DRAW_L,DRAW_L,0.9994,PHOTO_L,0.0004,DRAW,0.0002
CTX201103508,50,LINE_P,LINE_P,LINE_P,LINE_P,LINE_P,LINE_P,1.0,,,,
CTX201103642,238,PHOTO,PHOTO,PHOTO,PHOTO,PHOTO,PHOTO,1.0,,,,
CTX201103650,145,LINE_P,LINE_P,LINE_P,LINE_P,LINE_P,LINE_P,1.0,,,,
CTX201103660,168,PHOTO,PHOTO,PHOTO,PHOTO,PHOTO,PHOTO,0.9996,DRAW,0.0004,,
CTX201103665,243,PHOTO,PHOTO,PHOTO,PHOTO,PHOTO,PHOTO,1.0,,,,
CTX201103673,71,PHOTO,PHOTO,PHOTO,PHOTO,PHOTO,PHOTO,1.0,,,,
CTX201200005,28,TEXT_P,TEXT_P,TEXT_P,TEXT_P,TEXT_P,TEXT_P,0.9997999999999999,TEXT,0.0002,,
CTX201200065,431,LINE_P,LINE_P,LINE_P,LINE_P,LINE_P,LINE_P,1.0,,,,
CTX201200135,14,PHOTO,PHOTO,PHOTO,PHOTO,PHOTO,PHOTO,1.0,,,,
CTX201200158,47,DRAW,DRAW,DRAW,DRAW,DRAW,DRAW,0.9997999999999999,,,,
CTX201200750,6,TEXT_P,TEXT_P,TEXT_P,TEXT_P,TEXT_P,TEXT_P,1.0,,,,
CTX201200897,15,DRAW_L,DRAW_L,DRAW_L,DRAW_L,DRAW_L,DRAW_L,0.9974000000000001,DRAW,0.0024000000000000002,,
CTX201201317,49,DRAW,DRAW,DRAW,DRAW,DRAW,DRAW,1.0,,,,
CTX201201508,15,PHOTO,PHOTO,PHOTO,PHOTO,PHOTO,PHOTO,1.0,,,,
CTX201202201,53,PHOTO,PHOTO,PHOTO,PHOTO,PHOTO,PHOTO,0.9994,DRAW,0.0004,,
CTX201202248,59,PHOTO,PHOTO,PHOTO,PHOTO,PHOTO,PHOTO,1.0,,,,
CTX201202280,228,PHOTO,PHOTO,PHOTO,PHOTO,PHOTO,PHOTO,1.0,,,,
CTX201202431,7,TEXT_P,TEXT_P,TEXT_P,TEXT_P,TEXT_P,TEXT_P,0.9998000000000001,TEXT,0.0002,,
CTX201202519,134,DRAW,DRAW,DRAW,DRAW,DRAW,DRAW,0.9996,DRAW_L,0.0004,,
CTX201202519,1134,DRAW,DRAW,DRAW,DRAW,DRAW,DRAW,1.0,,,,
CTX201202534,20,PHOTO,PHOTO,PHOTO,PHOTO,PHOTO,PHOTO,1.0,,,,
CTX201202590,24,LINE_P,LINE_P,LINE_P,LINE_P,LINE_P,LINE_P,1.0,,,,
CTX201202682,44,LINE_P,LINE_P,LINE_P,LINE_P,LINE_P,LINE_P,1.0,,,,
CTX201203281,28,TEXT_P,TEXT_P,TEXT_P,TEXT_P,TEXT_P,TEXT_P,1.0,,,,
CTX201203420,1,PHOTO,PHOTO,PHOTO,PHOTO,PHOTO,PHOTO,1.0,,,,
CTX201300204,36,TEXT_P,TEXT_P,TEXT_P,TEXT_P,TEXT_P,TEXT_P,0.9958,TEXT,0.004,,
CTX201300518,116,LINE_P,LINE_P,LINE_P,LINE_P,LINE_P,LINE_P,1.0,,,,
CTX201300713,14,PHOTO,PHOTO,PHOTO,PHOTO,PHOTO,PHOTO,1.0,,,,
CTX201300955,49,TEXT_P,TEXT_P,TEXT_P,TEXT_P,TEXT_P,TEXT_P,0.9997999999999999,LINE_P,0.0002,,
CTX201301008,152,PHOTO,PHOTO,PHOTO,PHOTO,PHOTO,PHOTO,1.0,,,,
CTX201301458,28,PHOTO,PHOTO,PHOTO,PHOTO,PHOTO,PHOTO,1.0,,,,
CTX201301829,124,DRAW,PHOTO,PHOTO,PHOTO,PHOTO,PHOTO,0.8204,DRAW,0.1778,TEXT,0.002
CTX201302172,41,TEXT_P,TEXT_P,TEXT_P,TEXT_P,TEXT_P,TEXT_P,1.0,,,,
CTX201302274,9,DRAW,DRAW,DRAW,DRAW,DRAW,DRAW,1.0,,,,
CTX201302514,69,LINE_HW,LINE_HW,LINE_HW,LINE_HW,LINE_HW,LINE_HW,1.0,,,,
CTX201302561,2,TEXT_P,TEXT_P,TEXT_P,TEXT_P,TEXT_P,TEXT_P,1.0,,,,
CTX201302637,143,DRAW,DRAW,DRAW,DRAW,DRAW,DRAW,0.9972,DRAW_L,0.0021999999999999997,TEXT_P,0.0002
CTX201302714,43,LINE_P,LINE_P,LINE_P,LINE_P,LINE_P,LINE_P,1.0,,,,
CTX201302748,196,DRAW_L,DRAW_L,DRAW_L,DRAW_L,DRAW_L,DRAW_L,1.0,,,,
CTX201302879,4,TEXT_P,TEXT_P,TEXT_P,TEXT_P,TEXT_P,TEXT_P,1.0,,,,
CTX201303013,22,TEXT_P,TEXT_P,TEXT_P,TEXT_P,TEXT_P,TEXT_P,1.0,,,,
CTX201303015,237,DRAW,DRAW,DRAW,DRAW,DRAW,DRAW,1.0,,,,
CTX201303020,796,TEXT_P,TEXT_P,TEXT_P,TEXT_P,TEXT_P,TEXT_P,0.9996,TEXT,0.0004,,
CTX201303209,175,DRAW_L,DRAW_L,DRAW_L,DRAW_L,DRAW_L,DRAW_L,1.0,,,,
CTX201303225,157,DRAW_L,DRAW_L,DRAW_L,DRAW_L,DRAW_L,DRAW_L,0.9974000000000001,DRAW,0.0026000000000000003,,
CTX201303243,236,PHOTO,PHOTO,PHOTO,PHOTO,PHOTO,PHOTO,0.9974000000000001,TEXT_T,0.0016,PHOTO_L,0.001
CTX201400053,16,TEXT_P,TEXT_P,TEXT_P,TEXT_P,TEXT_P,TEXT_P,1.0,,,,
CTX201400303,355,PHOTO,PHOTO,PHOTO,PHOTO,PHOTO,PHOTO,1.0,,,,
CTX201400719,2,TEXT_P,TEXT_P,TEXT_P,TEXT_P,TEXT_P,TEXT_P,0.9984,LINE_P,0.0012000000000000001,TEXT,0.0002
CTX201403328,155,LINE_P,LINE_P,LINE_P,LINE_P,LINE_P,LINE_P,1.0,,,,
CTX201403941,23,TEXT_P,TEXT_P,TEXT_P,TEXT_P,TEXT_P,TEXT_P,1.0,,,,
CTX201404334,31,TEXT_P,TEXT_P,TEXT_P,TEXT_P,TEXT_P,TEXT_P,1.0,,,,
CTX201404706B,208,DRAW_L,DRAW_L,DRAW_L,DRAW_L,DRAW_L,DRAW_L,1.0,,,,
CTX201404716,110,PHOTO,PHOTO,PHOTO,PHOTO,PHOTO,PHOTO,1.0,,,,
CTX201404749,42,DRAW_L,DRAW_L,DRAW_L,DRAW_L,DRAW_L,DRAW_L,1.0,,,,
CTX201404753,20,PHOTO,PHOTO,PHOTO,PHOTO,PHOTO,PHOTO,0.999,DRAW,0.0008,,
CTX201404815,90,TEXT_P,TEXT_P,TEXT_P,TEXT_P,TEXT_P,TEXT_P,0.9997999999999999,LINE_P,0.0002,,
CTX201404863,254,DRAW_L,DRAW_L,DRAW_L,DRAW_L,DRAW_L,DRAW_L,0.9997999999999999,TEXT,0.0002,,
CTX201405045,13,DRAW,DRAW,DRAW,DRAW,DRAW,DRAW,0.9994,TEXT,0.0006000000000000001,,
CTX201405166,3,TEXT_P,TEXT_P,TEXT_P,TEXT_P,TEXT_P,TEXT_P,1.0,,,,
CTX201405187,126,PHOTO,PHOTO,PHOTO,PHOTO,PHOTO,PHOTO,1.0,,,,
CTX201405221,38,LINE_P,LINE_P,LINE_P,LINE_P,LINE_P,LINE_P,1.0,,,,
CTX201405223,174,LINE_P,LINE_P,LINE_P,LINE_P,LINE_P,LINE_P,1.0,,,,
CTX201405225A,250,LINE_P,LINE_P,LINE_P,LINE_P,LINE_P,LINE_P,1.0,,,,
CTX201405249,39,DRAW_L,DRAW_L,DRAW_L,DRAW_L,DRAW_L,DRAW_L,1.0,,,,
CTX201405253C,92,LINE_HW,LINE_P,LINE_T,LINE_T,LINE_T,LINE_T,0.6406000000000001,LINE_P,0.18839999999999998,LINE_HW,0.16840000000000002
CTX201405254,540,LINE_P,LINE_P,LINE_P,LINE_P,LINE_P,LINE_P,1.0,,,,
CTX201405285,226,DRAW,DRAW,DRAW,DRAW,DRAW,DRAW,1.0,,,,
CTX201405512,3,LINE_P,LINE_P,LINE_P,LINE_P,LINE_P,LINE_P,1.0,,,,
CTX201405547,19,LINE_P,LINE_P,LINE_P,LINE_P,LINE_P,LINE_P,1.0,,,,
CTX201405865,73,LINE_P,LINE_P,LINE_P,LINE_P,LINE_P,LINE_P,1.0,,,,
CTX201405865A,596,PHOTO,PHOTO,PHOTO,PHOTO,PHOTO,PHOTO,1.0,,,,
CTX201405865D,85,PHOTO,PHOTO,PHOTO,PHOTO,PHOTO,PHOTO,1.0,,,,
CTX201405865F,279,LINE_P,LINE_P,LINE_P,LINE_P,LINE_P,LINE_P,1.0,,,,
CTX201405866,992,PHOTO,PHOTO,PHOTO,PHOTO,PHOTO,PHOTO,1.0,,,,
CTX201500007,29,PHOTO,PHOTO,PHOTO,PHOTO,PHOTO,PHOTO,1.0,,,,
CTX201500061,28,TEXT_P,TEXT_P,TEXT_P,TEXT_P,TEXT_P,TEXT_P,0.9516,TEXT_T,0.046,TEXT_HW,0.002
CTX201500432,41,TEXT_P,TEXT_P,TEXT_P,TEXT_P,TEXT_P,TEXT_P,1.0,,,,
CTX201500843,129,DRAW_L,DRAW_L,DRAW_L,DRAW_L,DRAW_L,DRAW_L,1.0,,,,
CTX201500887,62,PHOTO,PHOTO,PHOTO,PHOTO,PHOTO,PHOTO,1.0,,,,
CTX201501653A,33,PHOTO,PHOTO,PHOTO,PHOTO,PHOTO,PHOTO,1.0,,,,
CTX201501656,944,PHOTO,PHOTO,PHOTO,PHOTO,PHOTO,PHOTO,1.0,,,,
CTX201501681,339,LINE_P,LINE_P,LINE_P,LINE_P,LINE_P,LINE_P,1.0,,,,
CTX201501946A,38,DRAW_L,DRAW,DRAW,DRAW,DRAW,DRAW,0.8714000000000001,DRAW_L,0.1278,TEXT,0.0004
CTX201501946C,6,LINE_P,LINE_P,LINE_P,LINE_P,LINE_P,LINE_P,1.0,,,,
CTX201501978,27,PHOTO,PHOTO,PHOTO,PHOTO,PHOTO,PHOTO,0.994,DRAW,0.005,TEXT,0.001
CTX201501986,448,LINE_P,LINE_P,LINE_P,LINE_P,LINE_P,LINE_P,0.9852000000000001,DRAW,0.014599999999999998,LINE_HW,0.0002
CTX201502017,48,PHOTO,PHOTO,PHOTO,PHOTO,PHOTO,PHOTO,1.0,,,,
CTX201502023,311,PHOTO,PHOTO,PHOTO,PHOTO,PHOTO,PHOTO,1.0,,,,
CTX201502114,1,PHOTO,PHOTO,PHOTO,PHOTO,PHOTO,PHOTO,1.0,,,,
CTX201502298,119,LINE_P,LINE_P,LINE_P,LINE_P,LINE_P,LINE_P,1.0,,,,
CTX201502334,166,LINE_P,LINE_P,LINE_P,LINE_P,LINE_P,LINE_P,1.0,,,,
CTX201502515,49,PHOTO,PHOTO,PHOTO,PHOTO,PHOTO,PHOTO,0.9998000000000001,,,,
CTX201502526,1,PHOTO,PHOTO,PHOTO,PHOTO,PHOTO,PHOTO,0.9969999999999999,DRAW,0.0028,,
CTX201502540,79,DRAW,DRAW,DRAW,DRAW,DRAW,DRAW,1.0,,,,
CTX201502544,126,DRAW,DRAW,DRAW,DRAW,DRAW,DRAW,1.0,,,,
CTX201502875B,224,DRAW_L,DRAW,DRAW_L,DRAW_L,DRAW_L,DRAW_L,0.8048,DRAW,0.195,,
CTX201502875E,424,LINE_P,LINE_P,LINE_P,LINE_P,LINE_P,LINE_P,1.0,,,,
CTX201502875F,701,PHOTO,PHOTO,PHOTO,PHOTO,PHOTO,PHOTO,1.0,,,,
CTX201503071,1,PHOTO,PHOTO,PHOTO,PHOTO,PHOTO,PHOTO,0.9998000000000001,TEXT,0.0002,,
CTX201503803,110,PHOTO,PHOTO,PHOTO,PHOTO,PHOTO,PHOTO,1.0,,,,
CTX201503905,175,TEXT_P,TEXT_P,TEXT_P,TEXT_P,TEXT_P,TEXT_P,1.0,,,,
CTX201503933,34,PHOTO,PHOTO,PHOTO,PHOTO,PHOTO,PHOTO,1.0,,,,
CTX201504041,110,PHOTO,PHOTO,PHOTO,PHOTO,PHOTO,PHOTO,1.0,,,,
CTX201504547,113,LINE_P,LINE_P,LINE_P,LINE_P,LINE_P,LINE_P,1.0,,,,
CTX201504632,2,PHOTO,PHOTO,PHOTO,PHOTO,PHOTO,PHOTO,1.0,,,,
CTX201600343,27,PHOTO,PHOTO,PHOTO,PHOTO,PHOTO,PHOTO,1.0,,,,
CTX201600361,19,TEXT_P,TEXT_P,TEXT_P,TEXT_P,TEXT_P,TEXT_P,1.0,,,,
CTX201600409,6,TEXT_P,TEXT_P,TEXT_P,TEXT_P,TEXT_P,TEXT_P,1.0,,,,
CTX201600498,36,TEXT_P,TEXT_P,TEXT_P,TEXT_P,TEXT_P,TEXT_P,1.0,,,,
CTX201600507,45,TEXT_P,TEXT_P,TEXT_P,TEXT_P,TEXT_P,TEXT_P,1.0,,,,
CTX201600548,482,PHOTO,PHOTO,PHOTO,PHOTO,PHOTO,PHOTO,1.0,,,,
CTX201600807,1,PHOTO,PHOTO,PHOTO,PHOTO,PHOTO,PHOTO,1.0,,,,
CTX201600833,69,LINE_P,LINE_P,LINE_P,LINE_P,LINE_P,LINE_P,1.0,,,,
CTX201600842,337,DRAW_L,DRAW_L,DRAW_L,DRAW_L,DRAW_L,DRAW_L,1.0,,,,
CTX201600898,25,DRAW,DRAW,DRAW,DRAW,DRAW,DRAW,1.0,,,,
CTX201600965,62,TEXT_P,TEXT_P,TEXT_P,TEXT_P,TEXT_P,TEXT_P,1.0,,,,
CTX201600994,1,TEXT_P,LINE_P,TEXT,LINE_P,TEXT,LINE_P,0.3626,TEXT,0.3366,TEXT_P,0.30060000000000003
CTX201601112,16,TEXT_P,TEXT_P,TEXT_P,TEXT_P,TEXT_P,TEXT_P,1.0,,,,
CTX201601205,178,PHOTO,PHOTO,PHOTO,PHOTO,PHOTO,PHOTO,1.0,,,,
CTX201601377,19,TEXT_P,TEXT_P,TEXT_P,TEXT_P,TEXT_P,TEXT_P,1.0,,,,
CTX201601555,11,TEXT_P,TEXT_P,TEXT_P,TEXT_P,TEXT_P,TEXT_P,1.0,,,,
CTX201601709,7,TEXT_P,TEXT_P,TEXT_P,TEXT_P,TEXT_P,TEXT_P,1.0,,,,
CTX201602936,4,TEXT_P,TEXT_P,TEXT_P,TEXT_P,TEXT_P,TEXT_P,1.0,,,,
CTX201603158,402,TEXT_P,TEXT_P,TEXT_P,TEXT_P,TEXT_P,TEXT_P,1.0,,,,
CTX201603198,282,PHOTO,PHOTO,PHOTO,PHOTO,PHOTO,PHOTO,1.0,,,,
CTX201603571,109,PHOTO,PHOTO,PHOTO,PHOTO,PHOTO,PHOTO,1.0,,,,
CTX201603778B,324,DRAW,DRAW,DRAW,DRAW,DRAW,DRAW,0.9846,LINE_P,0.012,PHOTO,0.0036000000000000003
CTX201603778F,311,DRAW,DRAW,DRAW,DRAW,DRAW,DRAW,1.0,,,,
CTX201603778H,142,PHOTO,PHOTO,PHOTO,PHOTO,PHOTO,PHOTO,0.9998000000000001,DRAW,0.0002,,
CTX201603814,121,PHOTO,PHOTO,PHOTO,PHOTO,PHOTO,PHOTO,1.0,,,,
CTX201603815,316,DRAW,DRAW,DRAW,DRAW,DRAW,DRAW,0.9656,TEXT,0.027800000000000002,TEXT_P,0.0064
CTX201604006,564,DRAW_L,DRAW_L,DRAW_L,DRAW_L,DRAW_L,DRAW_L,1.0,,,,
CTX201604006B,16,DRAW_L,DRAW_L,DRAW_L,DRAW_L,DRAW_L,DRAW_L,1.0,,,,
CTX201604014A,30,DRAW,DRAW,DRAW,DRAW,DRAW,DRAW,0.9997999999999999,DRAW_L,0.0002,,
CTX201604017,14,LINE_P,LINE_P,LINE_P,LINE_P,LINE_P,LINE_P,1.0,,,,
CTX201604027,25,PHOTO,PHOTO,PHOTO,PHOTO,PHOTO,PHOTO,1.0,,,,
CTX201604049,210,TEXT_P,TEXT_P,TEXT_P,TEXT_P,TEXT_P,TEXT_P,1.0,,,,
CTX201604049G,9,DRAW_L,DRAW_L,DRAW_L,DRAW,DRAW_L,DRAW_L,0.8535999999999999,DRAW,0.1454,LINE_HW,0.001
CTX201604051C,31,DRAW,DRAW,DRAW,DRAW,DRAW,DRAW,1.0,,,,
CTX201604069,39,TEXT_P,TEXT_P,TEXT_P,TEXT_P,TEXT_P,TEXT_P,1.0,,,,
CTX201604071,144,LINE_P,LINE_P,LINE_P,LINE_P,LINE_P,LINE_P,0.9683999999999999,TEXT_P,0.0316,,
CTX201604077,36,TEXT_P,TEXT_P,TEXT_P,TEXT_P,TEXT_P,TEXT_P,1.0,,,,
CTX201604110,13,LINE_P,LINE_P,LINE_P,LINE_P,LINE_P,LINE_P,0.9997999999999999,DRAW,0.0002,LINE_T,0.0002
CTX201604155,19,TEXT_P,TEXT_P,TEXT_P,TEXT_P,TEXT_P,TEXT_P,1.0,,,,
CTX201604156,13,LINE_P,LINE_P,LINE_P,LINE_P,LINE_P,LINE_P,1.0,,,,
CTX201604243,20,DRAW,DRAW,DRAW,DRAW,DRAW,DRAW,1.0,,,,
CTX201700202,260,LINE_HW,LINE_HW,LINE_HW,LINE_HW,LINE_HW,LINE_HW,1.0,,,,
CTX201700354,318,PHOTO,PHOTO,PHOTO,PHOTO,PHOTO,PHOTO,1.0,,,,
CTX201700707,6,DRAW,DRAW,DRAW,DRAW,DRAW,DRAW,1.0,,,,
CTX201700780,10,DRAW,DRAW,DRAW,DRAW,DRAW,DRAW,1.0,,,,
CTX201700827A,83,LINE_HW,LINE_HW,LINE_HW,LINE_HW,LINE_HW,LINE_HW,1.0,,,,
CTX201701014,201,DRAW_L,PHOTO_L,DRAW,DRAW_L,DRAW_L,DRAW_L,0.716,DRAW,0.1772,PHOTO_L,0.09340000000000001
CTX201701632,190,DRAW,DRAW,DRAW,DRAW,DRAW,DRAW,0.998,PHOTO,0.0018000000000000002,DRAW_L,0.0002
CTX201701997,345,PHOTO,PHOTO,PHOTO,PHOTO,PHOTO,PHOTO,1.0,,,,
CTX201702038,30,TEXT_P,TEXT_P,TEXT_P,TEXT_P,TEXT_P,TEXT_P,1.0,,,,
CTX201702168,58,LINE_P,LINE_P,LINE_P,LINE_P,LINE_P,LINE_P,1.0,,,,
CTX201702176,80,DRAW_L,DRAW_L,DRAW_L,DRAW_L,DRAW,DRAW_L,0.8098000000000001,DRAW,0.19,LINE_HW,0.0002
CTX201702181B,4,PHOTO,PHOTO,PHOTO,PHOTO,PHOTO,PHOTO,1.0,,,,
CTX201702215,7,DRAW,DRAW,DRAW,DRAW,DRAW,DRAW,1.0,,,,
CTX201703276,118,LINE_P,LINE_P,LINE_P,LINE_P,LINE_P,LINE_P,1.0,,,,
CTX201703284,47,LINE_P,LINE_P,LINE_P,LINE_P,LINE_P,LINE_P,1.0,,,,
CTX201703525,171,DRAW_L,DRAW_L,DRAW_L,DRAW_L,DRAW_L,DRAW_L,0.9898,DRAW,0.0094,PHOTO_L,0.0006000000000000001
CTX201703689,46,LINE_P,LINE_P,LINE_P,LINE_P,LINE_P,LINE_P,1.0,,,,
CTX201703690B,448,DRAW,DRAW,DRAW,DRAW,DRAW,DRAW,0.9996,DRAW_L,0.0002,PHOTO,0.0002
CTX201703691A,85,DRAW,DRAW,DRAW,DRAW,DRAW,DRAW,1.0,,,,
CTX201704251,39,DRAW_L,DRAW,DRAW,DRAW_L,DRAW,DRAW,0.5496,DRAW_L,0.4502,,
CTX201750001,100,LINE_T,LINE_T,LINE_T,LINE_T,LINE_T,LINE_T,0.9984,LINE_HW,0.001,DRAW_L,0.0004
CTX201750040,92,DRAW,DRAW,PHOTO,DRAW,PHOTO,DRAW,0.5772,PHOTO,0.4218,TEXT_T,0.001
CTX201750081A,23,LINE_T,LINE_T,DRAW_L,DRAW_L,LINE_T,LINE_T,0.4678,DRAW_L,0.4664,DRAW,0.053000000000000005
CTX201750088,254,LINE_T,LINE_T,LINE_T,LINE_T,LINE_T,LINE_T,1.0,,,,
CTX201750112,21,TEXT_P,TEXT_P,TEXT_P,TEXT_P,TEXT_P,TEXT_P,0.961,TEXT_T,0.0382,TEXT,0.0004
CTX201750130A,164,LINE_T,LINE_T,LINE_T,LINE_T,LINE_T,LINE_T,0.9890000000000001,TEXT_T,0.01,TEXT,0.001
CTX201750173,105,LINE_T,LINE_T,LINE_T,LINE_T,LINE_T,LINE_T,1.0,,,,
CTX201750223,4,TEXT_P,TEXT_P,TEXT_P,TEXT_P,TEXT_P,TEXT_P,0.8316000000000001,TEXT_T,0.1604,TEXT,0.0076
CTX201750244,278,TEXT_T,TEXT_T,TEXT_T,TEXT_T,TEXT_T,TEXT_T,0.8939999999999999,TEXT,0.0876,LINE_T,0.0182
CTX201750255,20,LINE_HW,LINE_HW,LINE_HW,LINE_HW,LINE_HW,LINE_HW,0.9411999999999999,DRAW,0.057999999999999996,LINE_T,0.001
CTX201750286,55,LINE_T,LINE_T,LINE_T,LINE_T,LINE_T,LINE_T,1.0,,,,
CTX201750302,51,DRAW,DRAW,DRAW,DRAW,DRAW,DRAW,1.0,,,,
CTX201750319A,99,TEXT_T,TEXT_T,TEXT_T,TEXT_T,TEXT_T,TEXT_T,0.9987999999999999,TEXT,0.0006000000000000001,TEXT_HW,0.0002
CTX201750320A,27,LINE_T,DRAW,DRAW,LINE_T,DRAW,DRAW,0.5042,LINE_T,0.3156,PHOTO,0.1564
CTX201750330,70,DRAW,DRAW,DRAW,DRAW,DRAW,DRAW,1.0,,,,
CTX201750335,245,TEXT_HW,TEXT_HW,TEXT_HW,TEXT_HW,TEXT_HW,TEXT_HW,0.866,TEXT,0.06100000000000001,LINE_HW,0.0598
CTX201750358,30,DRAW,DRAW,DRAW,DRAW,DRAW,DRAW,1.0,,,,
CTX201750377,28,LINE_HW,LINE_HW,LINE_T,LINE_HW,LINE_HW,LINE_HW,0.8042,LINE_T,0.19540000000000002,LINE_P,0.0004
